class_type,end_time(zulu),flare_id,linked_events,peak_time(zulu),power(w/m^2),start_time(zulu)
B7.4,"04/03/2010, 10:58:00",2010-04-03T09:04:00-FLR-001,[{'activityID': '2010-04-03T09:54:00-CME-001'}],"04/03/2010, 09:54:00",7.4e-07,"04/03/2010, 09:04:00"
M2.0,"06/12/2010, 01:02:00",2010-06-12T00:30:00-FLR-001,['None Found.'],"06/12/2010, 00:57:00",2e-05,"06/12/2010, 00:30:00"
M1.0,"08/07/2010, 18:47:00",2010-08-07T17:55:00-FLR-001,['None Found.'],"08/07/2010, 18:24:00",1e-05,"08/07/2010, 17:55:00"
C4.4,"08/14/2010, 10:31:00",2010-08-14T09:38:00-FLR-001,[{'activityID': '2010-08-14T12:30:00-SEP-001'}],"08/14/2010, 10:05:00",4.4e-06,"08/14/2010, 09:38:00"
C4.5,"08/18/2010, 06:51:00",2010-08-18T04:45:00-FLR-001,[{'activityID': '2010-08-18T06:00:00-CME-001'}],"08/18/2010, 05:48:00",4.5e-06,"08/18/2010, 04:45:00"
M2.9,"10/16/2010, 19:15:00",2010-10-16T19:07:00-FLR-001,['None Found.'],"10/16/2010, 19:12:00",2.9e-05,"10/16/2010, 19:07:00"
M1.3,"01/28/2011, 01:10:00",2011-01-28T00:44:00-FLR-001,['None Found.'],"01/28/2011, 01:03:00",1.3000000000000001e-05,"01/28/2011, 00:44:00"
M1.9,"02/09/2011, 01:35:00",2011-02-09T01:23:00-FLR-001,['None Found.'],"02/09/2011, 01:31:00",1.9e-05,"02/09/2011, 01:23:00"
M6.6,"02/13/2011, 17:47:00",2011-02-13T17:28:00-FLR-001,['None Found.'],"02/13/2011, 17:38:00",6.6e-05,"02/13/2011, 17:28:00"
M2.2,"02/14/2011, 17:32:00",2011-02-14T17:20:00-FLR-001,['None Found.'],"02/14/2011, 17:26:00",2.2000000000000003e-05,"02/14/2011, 17:20:00"
X2.2,"02/15/2011, 02:06:00",2011-02-15T01:44:00-FLR-001,[{'activityID': '2011-02-15T02:25:00-CME-001'}],"02/15/2011, 01:56:00",0.00022000000000000003,"02/15/2011, 01:44:00"
M1.0,"02/16/2011, 01:46:00",2011-02-16T01:32:00-FLR-001,['None Found.'],"02/16/2011, 01:39:00",1e-05,"02/16/2011, 01:32:00"
M6.6,"02/18/2011, 10:15:00",2011-02-18T09:55:00-FLR-001,['None Found.'],"02/18/2011, 10:11:00",6.6e-05,"02/18/2011, 09:55:00"
M3.5,"02/24/2011, 07:42:00",2011-02-24T07:23:00-FLR-001,[{'activityID': '2011-02-24T08:00:00-CME-001'}],"02/24/2011, 07:35:00",3.5000000000000004e-05,"02/24/2011, 07:23:00"
M1.1,"02/28/2011, 13:03:00",2011-02-28T12:38:00-FLR-001,['None Found.'],"02/28/2011, 12:52:00",1.1000000000000001e-05,"02/28/2011, 12:38:00"
M2.0,"03/07/2011, 15:08:00",2011-03-07T13:44:00-FLR-001,[{'activityID': '2011-03-07T14:40:00-CME-001'}],"03/07/2011, 14:30:00",2e-05,"03/07/2011, 13:44:00"
M3.7,"03/07/2011, 21:40:00",2011-03-07T19:43:00-FLR-001,[{'activityID': '2011-03-07T20:12:00-CME-001'}],"03/07/2011, 20:12:00",3.7000000000000005e-05,"03/07/2011, 19:43:00"
M1.3,"03/08/2011, 02:32:00",2011-03-08T02:24:00-FLR-001,['None Found.'],"03/08/2011, 02:29:00",1.3000000000000001e-05,"03/08/2011, 02:24:00"
M1.5,"03/08/2011, 04:20:00",2011-03-08T03:37:00-FLR-001,[{'activityID': '2011-03-08T05:00:00-CME-001'}],"03/08/2011, 03:58:00",1.5000000000000002e-05,"03/08/2011, 03:37:00"
M5.3,"03/08/2011, 10:55:00",2011-03-08T10:35:00-FLR-001,['None Found.'],"03/08/2011, 10:44:00",5.3e-05,"03/08/2011, 10:35:00"
X1.5,"03/09/2011, 23:29:00",2011-03-09T23:13:00-FLR-001,['None Found.'],"03/09/2011, 23:23:00",0.00015000000000000001,"03/09/2011, 23:13:00"
M2.5,"06/07/2011, 06:59:00",2011-06-07T06:16:00-FLR-001,"[{'activityID': '2011-06-07T06:50:00-CME-001'}, {'activityID': '2011-06-07T08:25:00-SEP-001'}]","06/07/2011, 06:41:00",2.5e-05,"06/07/2011, 06:16:00"
M9.3,"07/30/2011, 02:12:00",2011-07-30T02:05:00-FLR-001,['None Found.'],"07/30/2011, 02:09:00",9.300000000000001e-05,"07/30/2011, 02:05:00"
M6.0,"08/03/2011, 14:10:00",2011-08-03T13:17:00-FLR-001,[{'activityID': '2011-08-03T13:55:00-CME-001'}],"08/03/2011, 13:48:00",6.000000000000001e-05,"08/03/2011, 13:17:00"
M9.3,"08/04/2011, 04:04:00",2011-08-04T03:41:00-FLR-001,"[{'activityID': '2011-08-04T04:10:00-CME-001'}, {'activityID': '2011-08-04T05:00:00-SEP-001'}, {'activityID': '2011-08-04T05:10:00-SEP-001'}]","08/04/2011, 03:57:00",9.300000000000001e-05,"08/04/2011, 03:41:00"
X6.9,"08/09/2011, 08:08:00",2011-08-09T07:48:00-FLR-001,"[{'activityID': '2011-08-09T08:40:00-SEP-001'}, {'activityID': '2011-08-09T08:45:00-SEP-001'}]","08/09/2011, 08:05:00",0.0006900000000000001,"08/09/2011, 07:48:00"
M5.3,"09/06/2011, 02:05:00",2011-09-06T01:35:00-FLR-001,['None Found.'],"09/06/2011, 01:50:00",5.3e-05,"09/06/2011, 01:35:00"
X2.1,"09/06/2011, 22:24:00",2011-09-06T22:12:00-FLR-001,[{'activityID': '2011-09-07T06:00:00-SEP-001'}],"09/06/2011, 22:20:00",0.00021,"09/06/2011, 22:12:00"
X1.8,"09/07/2011, 22:44:00",2011-09-07T22:32:00-FLR-001,[{'activityID': '2011-09-07T23:24:00-CME-001'}],"09/07/2011, 22:38:00",0.00018,"09/07/2011, 22:32:00"
M6.7,"09/08/2011, 15:52:00",2011-09-08T15:32:00-FLR-001,['None Found.'],"09/08/2011, 15:46:00",6.7e-05,"09/08/2011, 15:32:00"
X1.4,"09/22/2011, 11:44:00",2011-09-22T10:29:00-FLR-001,"[{'activityID': '2011-09-22T11:24:00-CME-001'}, {'activityID': '2011-09-22T11:35:00-SEP-001'}]","09/22/2011, 11:01:00",0.00014,"09/22/2011, 10:29:00"
X1.9,"09/24/2011, 09:48:00",2011-09-24T09:21:00-FLR-001,[{'activityID': '2011-09-24T11:50:00-SEP-001'}],"09/24/2011, 09:40:00",0.00019,"09/24/2011, 09:21:00"
M7.1,"09/24/2011, 14:10:00",2011-09-24T12:33:00-FLR-001,['None Found.'],"09/24/2011, 13:20:00",7.1e-05,"09/24/2011, 12:33:00"
M5.8,"09/24/2011, 20:42:00",2011-09-24T20:29:00-FLR-001,[{'activityID': '2011-09-24T20:45:00-SEP-001'}],"09/24/2011, 20:36:00",5.8e-05,"09/24/2011, 20:29:00"
M8.8,"09/25/2011, 05:05:00",2011-09-25T04:31:00-FLR-001,['None Found.'],"09/25/2011, 04:50:00",8.800000000000001e-05,"09/25/2011, 04:31:00"
X1.9,"11/03/2011, 20:32:00",2011-11-03T20:16:00-FLR-001,['None Found.'],"11/03/2011, 20:27:00",0.00019,"11/03/2011, 20:16:00"
M8.7,"01/23/2012, 04:34:00",2012-01-23T03:38:00-FLR-001,"[{'activityID': '2012-01-23T04:00:00-CME-001'}, {'activityID': '2012-01-23T04:49:00-SEP-001'}, {'activityID': '2012-01-23T05:00:00-SEP-001'}, {'activityID': '2012-01-23T05:30:00-SEP-001'}, {'activityID': '2012-01-23T08:15:00-SEP-001'}, {'activityID': '2012-01-24T06:30:00-SEP-001'}]","01/23/2012, 03:59:00",8.7e-05,"01/23/2012, 03:38:00"
X1.8,"01/27/2012, 18:56:00",2012-01-27T17:37:00-FLR-001,"[{'activityID': '2012-01-27T16:39:00-CME-001'}, {'activityID': '2012-01-27T23:35:00-SEP-001'}]","01/27/2012, 18:37:00",0.00018,"01/27/2012, 17:37:00"
X1.1,"03/05/2012, 04:43:00",2012-03-05T03:30:00-FLR-001,[{'activityID': '2012-03-05T04:00:00-CME-001'}],"03/05/2012, 04:05:00",0.00011000000000000002,"03/05/2012, 03:30:00"
X5.4,"03/07/2012, 00:40:00",2012-03-07T00:00:00-FLR-001,"[{'activityID': '2012-03-07T00:36:00-CME-001'}, {'activityID': '2012-03-07T01:25:00-CME-001'}, {'activityID': '2012-03-07T01:44:00-SEP-001'}, {'activityID': '2012-03-07T04:05:00-SEP-001'}, {'activityID': '2012-03-07T05:00:00-SEP-001'}]","03/07/2012, 00:24:00",0.0005400000000000001,"03/07/2012, 00:02:00"
X1.3,"03/07/2012, 01:23:00",2012-03-07T01:05:00-FLR-001,"[{'activityID': '2012-03-07T00:36:00-CME-001'}, {'activityID': '2012-03-07T01:25:00-CME-001'}, {'activityID': '2012-03-07T01:44:00-SEP-001'}, {'activityID': '2012-03-07T04:05:00-SEP-001'}, {'activityID': '2012-03-07T05:00:00-SEP-001'}]","03/07/2012, 01:14:00",0.00013000000000000002,"03/07/2012, 01:05:00"
M6.3,"03/09/2012, 04:18:00",2012-03-09T03:22:00-FLR-001,[{'activityID': '2012-03-09T04:25:00-CME-001'}],"03/09/2012, 03:53:00",6.3e-05,"03/09/2012, 03:22:00"
C8.0,"03/10/2012, 16:16:00",2012-03-10T14:43:00-FLR-001,[{'activityID': '2012-03-10T16:24:00-CME-001'}],"03/10/2012, 15:52:00",8e-06,"03/10/2012, 14:43:00"
M5.4,"03/10/2012, 17:32:00",2012-03-10T17:15:00-FLR-001,[{'activityID': '2012-03-10T18:09:00-CME-001'}],"03/10/2012, 17:27:00",5.4000000000000005e-05,"03/10/2012, 17:15:00"
M8.4,"03/10/2012, 18:30:00",2012-03-10T17:32:00-FLR-001,[{'activityID': '2012-03-10T18:09:00-CME-001'}],"03/10/2012, 17:44:00",8.400000000000001e-05,"03/10/2012, 17:32:00"
M7.9,"03/13/2012, 18:25:00",2012-03-13T16:21:00-FLR-001,"[{'activityID': '2012-03-13T17:52:00-CME-001'}, {'activityID': '2012-03-13T18:10:00-SEP-001'}]","03/13/2012, 17:41:00",7.900000000000001e-05,"03/13/2012, 16:21:00"
M5.7,"05/10/2012, 04:23:00",2012-05-10T04:11:00-FLR-001,['None Found.'],"05/10/2012, 04:18:00",5.7e-05,"05/10/2012, 04:11:00"
M5.1,"05/17/2012, 02:14:00",2012-05-17T00:30:00-FLR-001,"[{'activityID': '2012-05-17T01:48:00-CME-001'}, {'activityID': '2012-05-17T02:10:00-SEP-001'}]","05/17/2012, 01:47:00",5.1e-05,"05/17/2012, 00:30:00"
M1.2,"06/13/2012, 14:31:00",2012-06-13T11:29:00-FLR-001,[{'activityID': '2012-06-13T14:00:00-CME-001'}],"06/13/2012, 13:17:00",1.2e-05,"06/13/2012, 11:29:00"
M1.9,"06/14/2012, 15:56:00",2012-06-14T12:52:00-FLR-001,[{'activityID': '2012-06-14T14:09:00-CME-001'}],"06/14/2012, 14:35:00",1.9e-05,"06/14/2012, 12:52:00"
M5.6,"07/02/2012, 10:57:00",2012-07-02T10:43:00-FLR-001,['None Found.'],"07/02/2012, 10:52:00",5.6e-05,"07/02/2012, 10:43:00"
M5.3,"07/04/2012, 09:57:00",2012-07-04T09:47:00-FLR-001,['None Found.'],"07/04/2012, 09:55:00",5.3e-05,"07/04/2012, 09:47:00"
M6.1,"07/05/2012, 11:49:00",2012-07-05T11:39:00-FLR-001,['None Found.'],"07/05/2012, 11:44:00",6.1e-05,"07/05/2012, 11:39:00"
X1.1,"07/06/2012, 23:14:00",2012-07-06T23:01:00-FLR-001,"[{'activityID': '2012-07-06T23:12:00-CME-001'}, {'activityID': '2012-07-07T04:00:00-SEP-001'}]","07/06/2012, 23:08:00",0.00011000000000000002,"07/06/2012, 23:01:00"
M6.9,"07/08/2012, 16:42:00",2012-07-08T16:23:00-FLR-001,[{'activityID': '2012-07-09T01:20:00-SEP-001'}],"07/08/2012, 16:32:00",6.900000000000001e-05,"07/08/2012, 16:23:00"
X1.4,"07/12/2012, 17:30:00",2012-07-12T15:37:00-FLR-001,"[{'activityID': '2012-07-12T16:54:00-CME-001'}, {'activityID': '2012-07-12T17:50:00-SEP-001'}, {'activityID': '2012-07-12T18:18:00-SEP-001'}, {'activityID': '2012-07-12T18:35:00-SEP-001'}]","07/12/2012, 16:49:00",0.00014,"07/12/2012, 15:37:00"
M1.8,"07/17/2012, 19:04:00",2012-07-17T12:03:00-FLR-001,"[{'activityID': '2012-07-17T14:24:00-CME-001'}, {'activityID': '2012-07-17T16:30:00-SEP-001'}]","07/17/2012, 17:15:00",1.8e-05,"07/17/2012, 12:03:00"
M7.7,"07/19/2012, 06:56:00",2012-07-19T04:17:00-FLR-001,[{'activityID': '2012-07-19T05:36:00-CME-001'}],"07/19/2012, 05:58:00",7.7e-05,"07/19/2012, 04:17:00"
M6.2,"07/28/2012, 21:04:00",2012-07-28T20:44:00-FLR-001,[{'activityID': '2012-07-28T21:24:00-CME-001'}],"07/28/2012, 20:56:00",6.2e-05,"07/28/2012, 20:44:00"
M5.5,"08/18/2012, 01:07:00",2012-08-18T00:24:00-FLR-001,['None Found.'],"08/18/2012, 01:02:00",5.5e-05,"08/18/2012, 00:24:00"
C8.4,"08/31/2012, 21:51:00",2012-08-31T19:45:00-FLR-001,[{'activityID': '2012-08-31T20:36:00-CME-001'}],"08/31/2012, 20:43:00",8.4e-06,"08/31/2012, 19:45:00"
C3.7,"09/28/2012, 00:34:00",2012-09-27T23:36:00-FLR-001,"[{'activityID': '2012-09-28T02:25:00-CME-001'}, {'activityID': '2012-09-28T02:47:00-SEP-001'}, {'activityID': '2012-09-28T03:00:00-SEP-001'}, {'activityID': '2012-09-28T05:21:00-SEP-001'}]","09/27/2012, 23:57:00",3.7e-06,"09/27/2012, 23:36:00"
M9.1,"10/20/2012, 18:19:00",2012-10-20T18:05:00-FLR-001,['None Found.'],"10/20/2012, 18:14:00",9.1e-05,"10/20/2012, 18:05:00"
M5.0,"10/22/2012, 19:01:00",2012-10-22T18:38:00-FLR-001,['None Found.'],"10/22/2012, 18:51:00",5e-05,"10/22/2012, 18:38:00"
X1.8,"10/23/2012, 03:21:00",2012-10-23T03:13:00-FLR-001,['None Found.'],"10/23/2012, 03:17:00",0.00018,"10/23/2012, 03:13:00"
M1.7,"11/08/2012, 04:40:00",2012-11-08T02:09:00-FLR-001,[{'activityID': '2012-11-08T11:09:00-CME-001'}],"11/08/2012, 02:23:00",1.7e-05,"11/08/2012, 02:09:00"
M6.0,Invalid format / no data.,2012-11-13T01:58:00-FLR-001,['None Found.'],"11/13/2012, 02:04:00",6.000000000000001e-05,"11/13/2012, 01:58:00"
M1.7,"11/20/2012, 12:46:00",2012-11-20T12:36:00-FLR-001,['None Found.'],"11/20/2012, 12:41:00",1.7e-05,"11/20/2012, 12:36:00"
M3.5,"11/21/2012, 15:38:00",2012-11-21T15:10:00-FLR-001,[{'activityID': '2012-11-21T16:24:00-CME-001'}],"11/21/2012, 15:30:00",3.5000000000000004e-05,"11/21/2012, 15:10:00"
M1.2,"03/15/2013, 14:30:00",2013-03-15T05:51:00-FLR-001,"[{'activityID': '2013-03-15T06:54:00-CME-001'}, {'activityID': '2013-03-16T10:00:00-SEP-001'}]","03/15/2013, 06:58:00",1.2e-05,"03/15/2013, 05:51:00"
M6.5,"04/11/2013, 07:29:00",2013-04-11T06:55:00-FLR-001,"[{'activityID': '2013-04-11T07:36:00-CME-001'}, {'activityID': '2013-04-11T08:12:00-SEP-001'}, {'activityID': '2013-04-11T09:30:00-SEP-001'}, {'activityID': '2013-04-11T10:10:00-SEP-001'}]","04/11/2013, 07:16:00",6.500000000000001e-05,"04/11/2013, 06:55:00"
M5.7,"05/03/2013, 17:41:00",2013-05-03T17:24:00-FLR-001,['None Found.'],"05/03/2013, 17:32:00",5.7e-05,"05/03/2013, 17:24:00"
X1.6,"05/13/2013, 02:32:00",2013-05-13T01:53:00-FLR-001,"[{'activityID': '2013-05-13T02:54:00-CME-001'}, {'activityID': '2013-05-13T04:12:00-SEP-001'}]","05/13/2013, 02:17:00",0.00016,"05/13/2013, 01:53:00"
X2.8,"05/13/2013, 16:16:00",2013-05-13T15:40:00-FLR-001,"[{'activityID': '2013-05-13T16:18:00-CME-001'}, {'activityID': '2013-05-13T18:02:00-SEP-001'}]","05/13/2013, 16:05:00",0.00028,"05/13/2013, 15:40:00"
X3.2,"05/14/2013, 01:20:00",2013-05-14T01:00:00-FLR-001,[{'activityID': '2013-05-14T01:30:00-CME-001'}],"05/14/2013, 01:11:00",0.00032,"05/14/2013, 01:00:00"
X1.2,"05/15/2013, 01:58:00",2013-05-15T01:25:00-FLR-001,"[{'activityID': '2013-05-15T02:18:00-CME-001'}, {'activityID': '2013-05-15T13:25:00-SEP-001'}]","05/15/2013, 01:48:00",0.00012,"05/15/2013, 01:25:00"
M5.0,"05/22/2013, 17:10:00",2013-05-22T12:30:00-FLR-001,"[{'activityID': '2013-05-22T13:24:00-CME-001'}, {'activityID': '2013-05-22T15:05:00-SEP-001'}, {'activityID': '2013-05-22T15:05:00-SEP-002'}, {'activityID': '2013-05-22T15:30:00-SEP-001'}]","05/22/2013, 13:38:00",5e-05,"05/22/2013, 12:30:00"
M5.9,"06/07/2013, 23:04:00",2013-06-07T22:32:00-FLR-001,['None Found.'],"06/07/2013, 22:49:00",5.900000000000001e-05,"06/07/2013, 22:32:00"
M2.9,"06/21/2013, 03:43:00",2013-06-21T02:30:00-FLR-001,[{'activityID': '2013-06-21T06:09:00-SEP-001'}],"06/21/2013, 03:14:00",2.9e-05,"06/21/2013, 02:30:00"
M1.0,"10/22/2013, 00:28:00",2013-10-22T00:14:00-FLR-001,['None Found.'],"10/22/2013, 00:22:00",1e-05,"10/22/2013, 00:14:00"
M1.0,"10/22/2013, 15:28:00",2013-10-22T14:49:00-FLR-001,['None Found.'],"10/22/2013, 15:20:00",1e-05,"10/22/2013, 14:49:00"
M4.3,"10/22/2013, 21:32:00",2013-10-22T21:15:00-FLR-001,[{'activityID': '2013-10-22T22:00:00-CME-001'}],"10/22/2013, 21:20:00",4.3e-05,"10/22/2013, 21:15:00"
M9.3,"10/24/2013, 00:35:00",2013-10-24T00:22:00-FLR-001,[{'activityID': '2013-10-24T01:48:00-CME-001'}],"10/24/2013, 00:30:00",9.300000000000001e-05,"10/24/2013, 00:22:00"
X1.7,"10/25/2013, 08:09:00",2013-10-25T07:53:00-FLR-001,"[{'activityID': '2013-10-25T08:24:00-CME-001'}, {'activityID': '2013-10-25T13:36:00-SEP-001'}]","10/25/2013, 08:01:00",0.00017,"10/25/2013, 07:53:00"
X2.1,"10/25/2013, 15:12:00",2013-10-25T14:52:00-FLR-001,[{'activityID': '2013-10-25T15:12:00-CME-001'}],"10/25/2013, 15:03:00",0.00021,"10/25/2013, 14:52:00"
M3.1,"10/26/2013, 19:30:00",2013-10-26T19:24:00-FLR-001,[{'activityID': '2013-10-26T20:09:00-CME-001'}],"10/26/2013, 19:27:00",3.1e-05,"10/26/2013, 19:24:00"
M1.0,"10/26/2013, 19:58:00",2013-10-26T19:49:00-FLR-001,['None Found.'],"10/26/2013, 19:53:00",1e-05,"10/26/2013, 19:49:00"
X1.0,"10/28/2013, 02:12:00",2013-10-28T01:41:00-FLR-001,[{'activityID': '2013-10-28T02:12:00-CME-001'}],"10/28/2013, 02:03:00",0.0001,"10/28/2013, 01:41:00"
M5.1,"10/28/2013, 04:46:00",2013-10-28T04:32:00-FLR-001,[{'activityID': '2013-10-28T04:48:00-CME-001'}],"10/28/2013, 04:41:00",5.1e-05,"10/28/2013, 04:32:00"
X2.3,"10/29/2013, 22:01:00",2013-10-29T21:48:00-FLR-001,[{'activityID': '2013-10-29T22:12:00-CME-001'}],"10/29/2013, 21:54:00",0.00022999999999999998,"10/29/2013, 21:48:00"
M6.3,"11/01/2013, 19:58:00",2013-11-01T19:46:00-FLR-001,['None Found.'],"11/01/2013, 19:53:00",6.3e-05,"11/01/2013, 19:46:00"
X3.3,"11/05/2013, 22:15:00",2013-11-05T22:08:00-FLR-001,['None Found.'],"11/05/2013, 22:12:00",0.00033,"11/05/2013, 22:08:00"
X1.1,"11/08/2013, 04:29:00",2013-11-08T04:20:00-FLR-001,[{'activityID': '2013-11-08T06:09:00-CME-001'}],"11/08/2013, 04:26:00",0.00011000000000000002,"11/08/2013, 04:20:00"
X1.1,"11/10/2013, 05:18:00",2013-11-10T05:08:00-FLR-001,[{'activityID': '2013-11-10T05:39:00-CME-001'}],"11/10/2013, 05:14:00",0.00011000000000000002,"11/10/2013, 05:08:00"
X1.0,"11/19/2013, 10:34:00",2013-11-19T10:14:00-FLR-001,[{'activityID': '2013-11-19T10:39:00-CME-001'}],"11/19/2013, 10:26:00",0.0001,"11/19/2013, 10:14:00"
M3.1,"12/29/2013, 08:00:00",2013-12-29T07:49:00-FLR-001,['None Found.'],"12/29/2013, 07:56:00",3.1e-05,"12/29/2013, 07:49:00"
M6.4,"12/31/2013, 22:20:00",2013-12-31T21:43:00-FLR-001,['None Found.'],"12/31/2013, 21:58:00",6.400000000000001e-05,"12/31/2013, 21:43:00"
M9.9,"01/01/2014, 19:03:00",2014-01-01T18:40:00-FLR-001,['None Found.'],"01/01/2014, 18:52:00",9.900000000000001e-05,"01/01/2014, 18:40:00"
M1.7,"01/02/2014, 02:56:00",2014-01-02T02:24:00-FLR-001,['None Found.'],"01/02/2014, 02:33:00",1.7e-05,"01/02/2014, 02:24:00"
M1.2,"01/02/2014, 22:22:00",2014-01-02T22:12:00-FLR-001,['None Found.'],"01/02/2014, 22:18:00",1.2e-05,"01/02/2014, 22:12:00"
M1.0,"01/03/2014, 12:54:00",2014-01-03T12:41:00-FLR-001,['None Found.'],"01/03/2014, 12:50:00",1e-05,"01/03/2014, 12:41:00"
M1.1,"01/03/2014, 21:40:00",2014-01-03T21:00:00-FLR-001,['None Found.'],"01/03/2014, 21:14:00",1.1000000000000001e-05,"01/03/2014, 21:00:00"
M1.3,"01/04/2014, 10:41:00",2014-01-04T10:16:00-FLR-001,['None Found.'],"01/04/2014, 10:25:00",1.3000000000000001e-05,"01/04/2014, 10:16:00"
M4.0,"01/04/2014, 20:23:00",2014-01-04T18:47:00-FLR-001,[{'activityID': '2014-01-04T21:25:00-CME-001'}],"01/04/2014, 19:46:00",4e-05,"01/04/2014, 18:47:00"
M1.9,"01/04/2014, 23:22:00",2014-01-04T22:12:00-FLR-001,[{'activityID': '2014-01-05T00:54:00-CME-001'}],"01/04/2014, 22:52:00",1.9e-05,"01/04/2014, 22:12:00"
M1.0,"01/07/2014, 03:56:00",2014-01-07T03:49:00-FLR-001,['None Found.'],"01/07/2014, 03:53:00",1e-05,"01/07/2014, 03:49:00"
M7.2,"01/07/2014, 10:37:00",2014-01-07T10:07:00-FLR-001,['None Found.'],"01/07/2014, 10:13:00",7.2e-05,"01/07/2014, 10:07:00"
X1.2,"01/07/2014, 18:58:00",2014-01-07T18:02:00-FLR-001,"[{'activityID': '2014-01-07T18:24:00-CME-001'}, {'activityID': '2014-01-07T19:45:00-SEP-001'}, {'activityID': '2014-01-07T20:30:00-SEP-001'}, {'activityID': '2014-01-07T20:30:00-SEP-002'}]","01/07/2014, 18:32:00",0.00012,"01/07/2014, 18:02:00"
M3.6,"01/08/2014, 03:54:00",2014-01-08T03:39:00-FLR-001,[{'activityID': '2014-01-08T04:12:00-CME-001'}],"01/08/2014, 03:47:00",3.6e-05,"01/08/2014, 03:39:00"
M1.3,"01/13/2014, 21:53:00",2014-01-13T21:48:00-FLR-001,['None Found.'],"01/13/2014, 21:51:00",1.3000000000000001e-05,"01/13/2014, 21:48:00"
M2.1,"01/14/2014, 06:44:00",2014-01-14T06:33:00-FLR-001,['None Found.'],"01/14/2014, 06:39:00",2.1000000000000002e-05,"01/14/2014, 06:33:00"
M1.0,"01/27/2014, 01:39:00",2014-01-27T01:05:00-FLR-001,[{'activityID': '2014-01-27T02:24:00-CME-001'}],"01/27/2014, 01:21:00",1e-05,"01/27/2014, 01:05:00"
M1.1,"01/27/2014, 02:18:00",2014-01-27T02:02:00-FLR-001,[{'activityID': '2014-01-27T02:24:00-CME-001'}],"01/27/2014, 02:10:00",1.1000000000000001e-05,"01/27/2014, 02:02:00"
M1.5,"01/28/2014, 04:13:00",2014-01-28T04:02:00-FLR-001,['None Found.'],"01/28/2014, 04:09:00",1.5000000000000002e-05,"01/28/2014, 04:02:00"
M3.6,"01/28/2014, 07:34:00",2014-01-28T07:25:00-FLR-001,['None Found.'],"01/28/2014, 07:31:00",3.6e-05,"01/28/2014, 07:25:00"
M1.4,"01/28/2014, 11:41:00",2014-01-28T11:34:00-FLR-001,['None Found.'],"01/28/2014, 11:38:00",1.4e-05,"01/28/2014, 11:34:00"
M1.3,"01/28/2014, 12:50:00",2014-01-28T12:50:00-FLR-001,['None Found.'],"01/28/2014, 12:46:00",1.3000000000000001e-05,"01/28/2014, 12:50:00"
M3.5,"01/28/2014, 15:29:00",2014-01-28T15:25:00-FLR-001,['None Found.'],"01/28/2014, 15:26:00",3.5000000000000004e-05,"01/28/2014, 15:25:00"
M4.9,"01/28/2014, 19:46:00",2014-01-28T19:37:00-FLR-001,['None Found.'],"01/28/2014, 19:40:00",4.9000000000000005e-05,"01/28/2014, 19:37:00"
M2.6,"01/28/2014, 22:20:00",2014-01-28T22:04:00-FLR-001,['None Found.'],"01/28/2014, 22:16:00",2.6000000000000002e-05,"01/28/2014, 22:04:00"
M1.1,"01/30/2014, 08:41:00",2014-01-30T07:54:00-FLR-001,[{'activityID': '2014-01-30T08:36:00-CME-001'}],"01/30/2014, 08:11:00",1.1000000000000001e-05,"01/30/2014, 07:54:00"
M6.6,"01/30/2014, 16:28:00",2014-01-30T15:48:00-FLR-001,[{'activityID': '2014-01-30T16:24:00-CME-001'}],"01/30/2014, 16:11:00",6.6e-05,"01/30/2014, 15:48:00"
M1.1,"01/31/2014, 15:53:00",2014-01-31T15:32:00-FLR-001,['None Found.'],"01/31/2014, 15:42:00",1.1000000000000001e-05,"01/31/2014, 15:32:00"
M1.0,"02/01/2014, 01:38:00",2014-02-01T01:19:00-FLR-001,['None Found.'],"02/01/2014, 01:25:00",1e-05,"02/01/2014, 01:19:00"
M3.0,"02/01/2014, 07:45:00",2014-02-01T07:14:00-FLR-001,['None Found.'],"02/01/2014, 07:23:00",3.0000000000000004e-05,"02/01/2014, 07:14:00"
M2.6,"02/02/2014, 06:37:00",2014-02-02T06:24:00-FLR-001,['None Found.'],"02/02/2014, 06:34:00",2.6000000000000002e-05,"02/02/2014, 06:24:00"
M2.2,"02/02/2014, 08:29:00",2014-02-02T07:17:00-FLR-001,['None Found.'],"02/02/2014, 08:20:00",2.2000000000000003e-05,"02/02/2014, 07:17:00"
M4.4,"02/02/2014, 09:36:00",2014-02-02T09:24:00-FLR-001,['None Found.'],"02/02/2014, 09:31:00",4.4000000000000006e-05,"02/02/2014, 09:24:00"
M1.3,"02/02/2014, 14:09:00",2014-02-02T14:01:00-FLR-001,['None Found.'],"02/02/2014, 14:06:00",1.3000000000000001e-05,"02/02/2014, 14:01:00"
M1.0,"02/02/2014, 16:29:00",2014-02-02T16:24:00-FLR-001,['None Found.'],"02/02/2014, 16:36:00",1e-05,"02/02/2014, 16:24:00"
M3.1,"02/02/2014, 18:11:00",2014-02-02T18:05:00-FLR-001,['None Found.'],"02/02/2014, 18:18:00",3.1e-05,"02/02/2014, 18:05:00"
M1.3,"02/02/2014, 22:04:00",2014-02-02T21:24:00-FLR-001,['None Found.'],"02/02/2014, 22:14:00",1.3000000000000001e-05,"02/02/2014, 21:24:00"
M3.8,"02/04/2014, 01:31:00",2014-02-04T01:16:00-FLR-001,['None Found.'],"02/04/2014, 01:23:00",3.8e-05,"02/04/2014, 01:16:00"
M1.2,"02/04/2014, 03:48:00",2014-02-04T02:40:00-FLR-001,['None Found.'],"02/04/2014, 03:06:00",1.2e-05,"02/04/2014, 02:40:00"
M5.2,"02/04/2014, 04:06:00",2014-02-04T03:57:00-FLR-001,['None Found.'],"02/04/2014, 04:00:00",5.2000000000000004e-05,"02/04/2014, 03:57:00"
M1.4,"02/04/2014, 09:58:00",2014-02-04T09:38:00-FLR-001,['None Found.'],"02/04/2014, 09:49:00",1.4e-05,"02/04/2014, 09:38:00"
M1.5,"02/04/2014, 16:49:00",2014-02-04T15:25:00-FLR-001,['None Found.'],"02/04/2014, 16:02:00",1.5000000000000002e-05,"02/04/2014, 15:25:00"
M1.3,"02/05/2014, 16:42:00",2014-02-05T16:11:00-FLR-001,['None Found.'],"02/05/2014, 16:20:00",1.3000000000000001e-05,"02/05/2014, 16:11:00"
M1.5,"02/06/2014, 23:05:00",2014-02-06T22:56:00-FLR-001,['None Found.'],"02/06/2014, 23:03:00",1.5000000000000002e-05,"02/06/2014, 22:56:00"
M2.0,"02/07/2014, 04:56:00",2014-02-07T04:47:00-FLR-001,['None Found.'],"02/07/2014, 04:53:00",2e-05,"02/07/2014, 04:47:00"
M1.9,"02/07/2014, 10:31:00",2014-02-07T10:25:00-FLR-001,['None Found.'],"02/07/2014, 10:29:00",1.9e-05,"02/07/2014, 10:25:00"
M1.0,"02/09/2014, 16:52:00",2014-02-09T15:40:00-FLR-001,[{'activityID': '2014-02-09T16:12:00-CME-001'}],"02/09/2014, 16:14:00",1e-05,"02/09/2014, 15:40:00"
M1.7,"02/11/2014, 03:39:00",2014-02-11T03:22:00-FLR-001,[{'activityID': '2014-02-11T05:24:00-CME-001'}],"02/11/2014, 03:31:00",1.7e-05,"02/11/2014, 03:22:00"
M1.8,"02/11/2014, 17:30:00",2014-02-11T16:34:00-FLR-001,['None Found.'],"02/11/2014, 16:51:00",1.8e-05,"02/11/2014, 16:34:00"
M3.7,"02/12/2014, 04:38:00",2014-02-12T03:52:00-FLR-001,['None Found.'],"02/12/2014, 04:25:00",3.7000000000000005e-05,"02/12/2014, 03:52:00"
M2.3,"02/12/2014, 07:04:00",2014-02-12T06:54:00-FLR-001,['None Found.'],"02/12/2014, 06:58:00",2.3e-05,"02/12/2014, 06:54:00"
M2.1,"02/12/2014, 16:15:00",2014-02-12T15:41:00-FLR-001,['None Found.'],"02/12/2014, 15:51:00",2.1000000000000002e-05,"02/12/2014, 15:41:00"
M1.8,"02/13/2014, 01:50:00",2014-02-13T01:32:00-FLR-001,['None Found.'],"02/13/2014, 01:40:00",1.8e-05,"02/13/2014, 01:32:00"
M1.0,"02/13/2014, 03:04:00",2014-02-13T02:41:00-FLR-001,['None Found.'],"02/13/2014, 02:51:00",1e-05,"02/13/2014, 02:41:00"
M1.7,"02/13/2014, 06:13:00",2014-02-13T05:49:00-FLR-001,['None Found.'],"02/13/2014, 06:07:00",1.7e-05,"02/13/2014, 05:49:00"
M1.8,"02/13/2014, 08:19:00",2014-02-13T08:05:00-FLR-001,['None Found.'],"02/13/2014, 08:12:00",1.8e-05,"02/13/2014, 08:05:00"
M1.4,"02/13/2014, 16:06:00",2014-02-13T15:45:00-FLR-001,['None Found.'],"02/13/2014, 15:57:00",1.4e-05,"02/13/2014, 15:45:00"
M2.3,"02/14/2014, 02:57:00",2014-02-14T02:40:00-FLR-001,['None Found.'],"02/14/2014, 02:53:00",2.3e-05,"02/14/2014, 02:40:00"
M1.6,"02/14/2014, 12:45:00",2014-02-14T12:29:00-FLR-001,['None Found.'],"02/14/2014, 12:40:00",1.6000000000000003e-05,"02/14/2014, 12:29:00"
M1.1,"02/14/2014, 13:39:00",2014-02-14T13:21:00-FLR-001,['None Found.'],"02/14/2014, 13:28:00",1.1000000000000001e-05,"02/14/2014, 13:21:00"
M1.0,"02/14/2014, 16:42:00",2014-02-14T16:33:00-FLR-001,['None Found.'],"02/14/2014, 16:39:00",1e-05,"02/14/2014, 16:33:00"
M1.1,"02/23/2014, 06:36:00",2014-02-23T05:50:00-FLR-001,['None Found.'],"02/23/2014, 06:09:00",1.1000000000000001e-05,"02/23/2014, 05:50:00"
X4.9,"02/25/2014, 01:03:00",2014-02-25T00:41:00-FLR-001,"[{'activityID': '2014-02-25T01:25:00-CME-001'}, {'activityID': '2014-02-25T06:05:00-SEP-001'}, {'activityID': '2014-02-25T13:55:00-SEP-001'}]","02/25/2014, 00:49:00",0.0004900000000000001,"02/25/2014, 00:41:00"
M1.1,"02/26/2014, 15:10:00",2014-02-26T14:52:00-FLR-001,['None Found.'],"02/26/2014, 15:01:00",1.1000000000000001e-05,"02/26/2014, 14:52:00"
M1.1,"02/28/2014, 00:50:00",2014-02-28T00:44:00-FLR-001,['None Found.'],"02/28/2014, 00:48:00",1.1000000000000001e-05,"02/28/2014, 00:44:00"
M1.4,"03/08/2014, 00:30:00",2014-03-08T23:26:00-FLR-001,['None Found.'],"03/08/2014, 23:41:00",1.4e-05,"03/08/2014, 23:26:00"
M1.0,"03/09/2014, 14:05:00",2014-03-09T13:52:00-FLR-001,['None Found.'],"03/09/2014, 13:58:00",1e-05,"03/09/2014, 13:52:00"
M1.0,"03/09/2014, 20:35:00",2014-03-09T20:13:00-FLR-001,['None Found.'],"03/09/2014, 20:28:00",1e-05,"03/09/2014, 20:13:00"
M1.1,"03/10/2014, 00:33:00",2014-03-10T00:19:00-FLR-001,['None Found.'],"03/10/2014, 00:26:00",1.1000000000000001e-05,"03/10/2014, 00:19:00"
M1.7,"03/10/2014, 15:32:00",2014-03-10T15:21:00-FLR-001,['None Found.'],"03/10/2014, 15:28:00",1.7e-05,"03/10/2014, 15:21:00"
M1.4,"03/10/2014, 23:12:00",2014-03-10T22:45:00-FLR-001,['None Found.'],"03/10/2014, 23:00:00",1.4e-05,"03/10/2014, 22:45:00"
M3.5,"03/11/2014, 03:56:00",2014-03-11T03:44:00-FLR-001,['None Found.'],"03/11/2014, 03:50:00",3.5000000000000004e-05,"03/11/2014, 03:44:00"
M1.7,"03/11/2014, 12:17:00",2014-03-11T11:59:00-FLR-001,['None Found.'],"03/11/2014, 12:07:00",1.7e-05,"03/11/2014, 11:59:00"
M2.5,"03/12/2014, 11:11:00",2014-03-12T10:55:00-FLR-001,['None Found.'],"03/12/2014, 11:05:00",2.5e-05,"03/12/2014, 10:55:00"
M9.3,"03/12/2014, 22:39:00",2014-03-12T22:28:00-FLR-001,['None Found.'],"03/12/2014, 22:34:00",9.300000000000001e-05,"03/12/2014, 22:28:00"
M1.2,"03/13/2014, 19:30:00",2014-03-13T19:03:00-FLR-001,['None Found.'],"03/13/2014, 19:19:00",1.2e-05,"03/13/2014, 19:03:00"
M1.7,"03/20/2014, 04:08:00",2014-03-20T03:42:00-FLR-001,['None Found.'],"03/20/2014, 03:56:00",1.7e-05,"03/20/2014, 03:42:00"
M1.1,"03/22/2014, 07:05:00",2014-03-22T06:58:00-FLR-001,['None Found.'],"03/22/2014, 07:02:00",1.1000000000000001e-05,"03/22/2014, 06:58:00"
M2.0,"03/28/2014, 19:27:00",2014-03-28T19:04:00-FLR-001,['None Found.'],"03/28/2014, 19:18:00",2e-05,"03/28/2014, 19:04:00"
M2.6,"03/29/2014, 00:05:00",2014-03-28T23:44:00-FLR-001,['None Found.'],"03/28/2014, 23:51:00",2.6000000000000002e-05,"03/28/2014, 23:44:00"
X1.0,"03/29/2014, 17:54:00",2014-03-29T17:36:00-FLR-001,[{'activityID': '2014-03-29T18:39:00-CME-001'}],"03/29/2014, 17:48:00",0.0001,"03/29/2014, 17:36:00"
M2.1,"03/30/2014, 12:02:00",2014-03-30T11:48:00-FLR-001,['None Found.'],"03/30/2014, 11:55:00",2.1000000000000002e-05,"03/30/2014, 11:48:00"
M1.4,"03/31/2014, 08:18:00",2014-03-31T07:20:00-FLR-001,['None Found.'],"03/31/2014, 08:07:00",1.4e-05,"03/31/2014, 07:20:00"
M6.5,"04/02/2014, 14:28:00",2014-04-02T13:18:00-FLR-001,"[{'activityID': '2014-04-02T13:55:00-CME-001'}, {'activityID': '2014-04-02T15:55:00-SEP-001'}]","04/02/2014, 14:05:00",6.500000000000001e-05,"04/02/2014, 13:18:00"
M1.0,"04/16/2014, 20:04:00",2014-04-16T19:54:00-FLR-001,['None Found.'],"04/16/2014, 19:59:00",1e-05,"04/16/2014, 19:54:00"
M7.3,"04/18/2014, 13:20:00",2014-04-18T12:31:00-FLR-001,"[{'activityID': '2014-04-18T13:09:00-CME-001'}, {'activityID': '2014-04-18T15:25:00-SEP-001'}, {'activityID': '2014-04-18T21:51:00-SEP-001'}]","04/18/2014, 13:03:00",7.3e-05,"04/18/2014, 12:31:00"
C3.6,"04/22/2014, 06:06:00",2014-04-22T05:25:00-FLR-001,['None Found.'],"04/22/2014, 05:47:00",3.6e-06,"04/22/2014, 05:25:00"
X1.3,"04/25/2014, 00:38:00",2014-04-25T00:17:00-FLR-001,[{'activityID': '2014-04-25T00:48:00-CME-001'}],"04/25/2014, 00:27:00",0.00013000000000000002,"04/25/2014, 00:17:00"
M1.8,"05/06/2014, 09:24:00",2014-05-06T08:40:00-FLR-001,[{'activityID': '2014-05-06T09:12:00-CME-001'}],"05/06/2014, 09:03:00",1.8e-05,"05/06/2014, 08:40:00"
M1.0,"05/06/2014, 22:20:00",2014-05-06T22:01:00-FLR-001,[{'activityID': '2014-05-06T22:17:00-CME-001'}],"05/06/2014, 22:09:00",1e-05,"05/06/2014, 22:01:00"
M1.2,"05/07/2014, 13:03:00",2014-05-07T16:07:00-FLR-001,[{'activityID': '2014-05-07T16:39:00-CME-001'}],"05/07/2014, 16:29:00",1.2e-05,"05/07/2014, 16:07:00"
M5.2,"05/08/2014, 10:18:00",2014-05-08T09:59:00-FLR-001,['None Found.'],"05/08/2014, 10:07:00",5.2000000000000004e-05,"05/08/2014, 09:59:00"
M1.3,"05/24/2014, 18:44:00",2014-05-24T18:26:00-FLR-001,['None Found.'],"05/24/2014, 18:35:00",1.3000000000000001e-05,"05/24/2014, 18:26:00"
M1.3,"06/03/2014, 04:17:00",2014-06-03T03:58:00-FLR-001,['None Found.'],"06/03/2014, 04:09:00",1.3000000000000001e-05,"06/03/2014, 03:58:00"
M1.4,"06/06/2014, 19:36:00",2014-06-06T19:28:00-FLR-001,['None Found.'],"06/06/2014, 19:31:00",1.4e-05,"06/06/2014, 19:28:00"
C2.4,"06/10/2014, 06:44:00",2014-06-10T06:20:00-FLR-001,['None Found.'],"06/10/2014, 06:28:00",2.4e-06,"06/10/2014, 06:20:00"
C1.7,"06/10/2014, 07:10:00",2014-06-10T06:59:00-FLR-001,['None Found.'],"06/10/2014, 07:00:00",1.6999999999999998e-06,"06/10/2014, 06:59:00"
C3.9,"06/10/2014, 08:46:00",2014-06-10T08:19:00-FLR-001,['None Found.'],"06/10/2014, 08:42:00",3.9e-06,"06/10/2014, 08:19:00"
C5.0,"06/10/2014, 10:44:00",2014-06-10T10:04:00-FLR-001,['None Found.'],"06/10/2014, 10:17:00",4.9999999999999996e-06,"06/10/2014, 10:04:00"
X2.2,"06/10/2014, 11:47:00",2014-06-10T11:38:00-FLR-001,[{'activityID': '2014-06-10T12:24:00-CME-001'}],"06/10/2014, 11:42:00",0.00022000000000000003,"06/10/2014, 11:38:00"
X1.5,"06/10/2014, 13:07:00",2014-06-10T12:38:00-FLR-001,[{'activityID': '2014-06-10T13:09:00-CME-001'}],"06/10/2014, 12:52:00",0.00015000000000000001,"06/10/2014, 12:38:00"
M1.8,"06/11/2014, 05:36:00",2014-06-11T05:30:00-FLR-001,['None Found.'],"06/11/2014, 05:34:00",1.8e-05,"06/11/2014, 05:30:00"
M3.0,"06/11/2014, 08:15:00",2014-06-11T08:00:00-FLR-001,['None Found.'],"06/11/2014, 08:09:00",3.0000000000000004e-05,"06/11/2014, 08:00:00"
X1.0,"06/11/2014, 09:10:00",2014-06-11T08:59:00-FLR-001,['None Found.'],"06/11/2014, 09:06:00",0.0001,"06/11/2014, 08:59:00"
M3.9,"06/11/2014, 21:10:00",2014-06-11T20:53:00-FLR-001,['None Found.'],"06/11/2014, 21:03:00",3.9e-05,"06/11/2014, 20:53:00"
M2.0,"06/12/2014, 04:32:00",2014-06-12T04:14:00-FLR-001,['None Found.'],"06/12/2014, 04:21:00",2e-05,"06/12/2014, 04:14:00"
M1.8,"06/12/2014, 09:44:00",2014-06-12T09:24:00-FLR-001,['None Found.'],"06/12/2014, 09:37:00",1.8e-05,"06/12/2014, 09:24:00"
M2.7,"06/12/2014, 10:45:00",2014-06-12T10:14:00-FLR-001,['None Found.'],"06/12/2014, 10:21:00",2.7000000000000002e-05,"06/12/2014, 10:14:00"
M1.3,"06/12/2014, 18:23:00",2014-06-12T18:03:00-FLR-001,['None Found.'],"06/12/2014, 18:13:00",1.3000000000000001e-05,"06/12/2014, 18:03:00"
M1.1,"06/12/2014, 20:05:00",2014-06-12T19:56:00-FLR-001,['None Found.'],"06/12/2014, 20:03:00",1.1000000000000001e-05,"06/12/2014, 19:56:00"
M1.0,"06/12/2014, 21:19:00",2014-06-12T21:01:00-FLR-001,['None Found.'],"06/12/2014, 21:13:00",1e-05,"06/12/2014, 21:01:00"
M3.1,"06/12/2014, 22:52:00",2014-06-12T21:39:00-FLR-001,[{'activityID': '2014-06-12T22:12:00-CME-001'}],"06/12/2014, 22:16:00",3.1e-05,"06/12/2014, 21:39:00"
M2.6,"06/13/2014, 07:59:00",2014-06-13T07:49:00-FLR-001,['None Found.'],"06/13/2014, 07:56:00",2.6000000000000002e-05,"06/13/2014, 07:49:00"
M1.4,"06/14/2014, 19:34:00",2014-06-14T19:25:00-FLR-001,[{'activityID': '2014-06-14T19:48:00-CME-001'}],"06/14/2014, 19:29:00",1.4e-05,"06/14/2014, 19:25:00"
M1.1,"06/15/2014, 11:50:00",2014-06-15T11:10:00-FLR-001,['None Found.'],"06/15/2014, 11:39:00",1.1000000000000001e-05,"06/15/2014, 11:10:00"
M1.0,"06/15/2014, 00:17:00",2014-06-15T23:44:00-FLR-001,['None Found.'],"06/16/2014, 00:01:00",1e-05,"06/15/2014, 23:44:00"
M1.4,"07/01/2014, 11:50:00",2014-07-01T11:04:00-FLR-001,[{'activityID': '2014-07-01T12:39:00-CME-001'}],"07/01/2014, 11:23:00",1.4e-05,"07/01/2014, 11:04:00"
M6.5,"07/08/2014, 16:30:00",2014-07-08T16:08:00-FLR-001,[{'activityID': '2014-07-08T16:54:00-CME-001'}],"07/08/2014, 16:20:00",6.500000000000001e-05,"07/08/2014, 16:08:00"
M1.2,"07/09/2014, 00:33:00",2014-07-09T00:20:00-FLR-001,['None Found.'],"07/09/2014, 00:26:00",1.2e-05,"07/09/2014, 00:20:00"
M1.5,"07/10/2014, 22:37:00",2014-07-10T22:30:00-FLR-001,['None Found.'],"07/10/2014, 22:34:00",1.5000000000000002e-05,"07/10/2014, 22:30:00"
M2.5,"07/31/2014, 11:21:00",2014-07-31T11:01:00-FLR-001,['None Found.'],"07/31/2014, 11:14:00",2.5e-05,"07/31/2014, 11:01:00"
M2.0,"08/01/2014, 14:57:00",2014-08-01T14:46:00-FLR-001,['None Found.'],"08/01/2014, 14:48:00",2e-05,"08/01/2014, 14:46:00"
M1.5,"08/01/2014, 18:48:00",2014-08-01T18:00:00-FLR-001,[{'activityID': '2014-08-01T18:54:00-CME-001'}],"08/01/2014, 18:12:00",1.5000000000000002e-05,"08/01/2014, 18:00:00"
M3.4,"08/21/2014, 13:31:00",2014-08-21T13:19:00-FLR-001,[{'activityID': '2014-08-21T14:36:00-CME-001'}],"08/21/2014, 13:31:00",3.4e-05,"08/21/2014, 13:19:00"
M1.2,"08/22/2014, 06:24:00",2014-08-22T06:18:00-FLR-001,['None Found.'],"08/22/2014, 06:28:00",1.2e-05,"08/22/2014, 06:18:00"
M5.9,"08/24/2014, 12:25:00",2014-08-24T12:00:00-FLR-001,['None Found.'],"08/24/2014, 12:17:00",5.900000000000001e-05,"08/24/2014, 12:00:00"
M2.0,"08/25/2014, 15:11:00",2014-08-25T14:46:00-FLR-001,[{'activityID': '2014-08-25T15:36:00-CME-001'}],"08/25/2014, 15:10:00",2e-05,"08/25/2014, 14:46:00"
M3.9,"08/25/2014, 20:29:00",2014-08-25T20:06:00-FLR-001,[{'activityID': '2014-08-25T21:24:00-CME-001'}],"08/25/2014, 20:21:00",3.9e-05,"08/25/2014, 20:06:00"
M2.5,"09/03/2014, 13:54:00",2014-09-03T13:20:00-FLR-001,[{'activityID': '2014-09-03T14:12:00-CME-001'}],"09/03/2014, 13:53:00",2.5e-05,"09/03/2014, 13:20:00"
M1.1,"09/06/2014, 17:22:00",2014-09-06T16:50:00-FLR-001,['None Found.'],"09/06/2014, 17:09:00",1.1000000000000001e-05,"09/06/2014, 16:50:00"
M4.6,"09/09/2014, 01:30:00",2014-09-08T23:12:00-FLR-001,[{'activityID': '2014-09-09T00:16:00-CME-001'}],"09/09/2014, 00:28:00",4.6e-05,"09/08/2014, 23:12:00"
X1.6,"09/10/2014, 18:20:00",2014-09-10T17:21:00-FLR-001,"[{'activityID': '2014-09-10T18:18:00-CME-001'}, {'activityID': '2014-09-11T02:40:00-SEP-001'}, {'activityID': '2014-09-11T04:25:00-SEP-001'}]","09/10/2014, 17:45:00",0.00016,"09/10/2014, 17:21:00"
M2.1,"09/11/2014, 15:31:00",2014-09-11T15:20:00-FLR-001,['None Found.'],"09/11/2014, 15:25:00",2.1000000000000002e-05,"09/11/2014, 15:20:00"
M1.4,"09/11/2014, 21:30:00",2014-09-11T21:24:00-FLR-001,['None Found.'],"09/11/2014, 21:26:00",1.4e-05,"09/11/2014, 21:24:00"
M1.5,"09/14/2014, 02:36:00",2014-09-14T02:03:00-FLR-001,[{'activityID': '2014-09-14T03:12:00-CME-001'}],"09/14/2014, 02:16:00",1.5000000000000002e-05,"09/14/2014, 02:03:00"
M1.2,"09/18/2014, 08:53:00",2014-09-18T08:37:00-FLR-001,['None Found.'],"09/18/2014, 08:41:00",1.2e-05,"09/18/2014, 08:37:00"
M2.3,"09/23/2014, 23:28:00",2014-09-23T23:02:00-FLR-001,[{'activityID': '2014-09-24T00:24:00-CME-001'}],"09/23/2014, 23:15:00",2.3e-05,"09/23/2014, 23:02:00"
M1.0,"09/27/2014, 08:40:00",2014-09-27T08:32:00-FLR-001,['None Found.'],"09/27/2014, 08:37:00",1e-05,"09/27/2014, 08:32:00"
M5.1,"09/28/2014, 03:19:00",2014-09-28T02:39:00-FLR-001,[{'activityID': '2014-09-28T03:36:00-CME-001'}],"09/28/2014, 02:58:00",5.1e-05,"09/28/2014, 02:39:00"
M1.0,"09/28/2014, 18:00:00",2014-09-28T16:34:00-FLR-001,['None Found.'],"09/28/2014, 17:33:00",1e-05,"09/28/2014, 16:34:00"
M1.5,"10/02/2014, 18:15:00",2014-10-02T17:10:00-FLR-001,['None Found.'],"10/02/2014, 17:44:00",1.5000000000000002e-05,"10/02/2014, 17:10:00"
M7.3,"10/02/2014, 19:14:00",2014-10-02T18:49:00-FLR-001,[{'activityID': '2014-10-02T19:24:00-CME-001'}],"10/02/2014, 19:01:00",7.3e-05,"10/02/2014, 18:49:00"
M1.3,"10/09/2014, 01:47:00",2014-10-09T01:30:00-FLR-001,['None Found.'],"10/09/2014, 01:43:00",1.3000000000000001e-05,"10/09/2014, 01:30:00"
M1.4,"10/09/2014, 02:02:00",2014-10-09T01:54:00-FLR-001,['None Found.'],"10/09/2014, 01:58:00",1.4e-05,"10/09/2014, 01:54:00"
M1.2,"10/09/2014, 07:06:00",2014-10-09T06:48:00-FLR-001,['None Found.'],"10/09/2014, 06:59:00",1.2e-05,"10/09/2014, 06:48:00"
C3.0,"10/10/2014, 18:21:00",2014-10-10T15:42:00-FLR-001,[{'activityID': '2014-10-10T16:31:00-CME-001'}],"10/10/2014, 16:47:00",3e-06,"10/10/2014, 15:42:00"
M1.1,"10/14/2014, 18:46:00",2014-10-14T18:21:00-FLR-001,['None Found.'],"10/14/2014, 18:37:00",1.1000000000000001e-05,"10/14/2014, 18:21:00"
M2.2,"10/15/2014, 00:19:00",2014-10-14T19:07:00-FLR-001,"[{'activityID': '2014-10-14T19:00:00-CME-001'}, {'activityID': '2014-10-15T06:57:00-SEP-001'}]","10/14/2014, 21:21:00",2.2000000000000003e-05,"10/14/2014, 19:07:00"
M4.3,"10/16/2014, 13:05:00",2014-10-16T12:58:00-FLR-001,[{'activityID': '2014-10-16T13:26:00-CME-001'}],"10/16/2014, 13:03:00",4.3e-05,"10/16/2014, 12:58:00"
M1.6,"10/18/2014, 08:49:00",2014-10-18T07:02:00-FLR-001,['None Found.'],"10/18/2014, 07:58:00",1.6000000000000003e-05,"10/18/2014, 07:02:00"
X1.1,"10/19/2014, 05:48:00",2014-10-19T04:17:00-FLR-001,['None Found.'],"10/19/2014, 05:01:00",0.00011000000000000002,"10/19/2014, 04:17:00"
M3.9,"10/20/2014, 09:20:00",2014-10-20T09:00:00-FLR-001,['None Found.'],"10/20/2014, 09:11:00",3.9e-05,"10/20/2014, 09:00:00"
M4.5,"10/20/2014, 16:55:00",2014-10-20T16:00:00-FLR-001,['None Found.'],"10/20/2014, 16:37:00",4.5e-05,"10/20/2014, 16:00:00"
M1.4,"10/20/2014, 19:04:00",2014-10-20T18:55:00-FLR-001,['None Found.'],"10/20/2014, 19:02:00",1.4e-05,"10/20/2014, 18:55:00"
M1.7,"10/20/2014, 20:13:00",2014-10-20T19:53:00-FLR-001,['None Found.'],"10/20/2014, 20:04:00",1.7e-05,"10/20/2014, 19:53:00"
M1.2,"10/20/2014, 23:13:00",2014-10-20T22:43:00-FLR-001,['None Found.'],"10/20/2014, 22:55:00",1.2e-05,"10/20/2014, 22:43:00"
M1.2,"10/21/2014, 13:40:00",2014-10-21T13:35:00-FLR-001,['None Found.'],"10/21/2014, 13:38:00",1.2e-05,"10/21/2014, 13:35:00"
M8.7,"10/22/2014, 02:28:00",2014-10-22T01:16:00-FLR-001,['None Found.'],"10/22/2014, 01:59:00",8.7e-05,"10/22/2014, 01:16:00"
M2.7,"10/22/2014, 05:21:00",2014-10-22T05:11:00-FLR-001,['None Found.'],"10/22/2014, 05:17:00",2.7000000000000002e-05,"10/22/2014, 05:11:00"
X1.6,"10/22/2014, 14:50:00",2014-10-22T14:02:00-FLR-001,['None Found.'],"10/22/2014, 14:28:00",0.00016,"10/22/2014, 14:02:00"
M1.4,"10/22/2014, 16:03:00",2014-10-22T15:51:00-FLR-001,['None Found.'],"10/22/2014, 15:57:00",1.4e-05,"10/22/2014, 15:51:00"
M1.1,"10/23/2014, 09:56:00",2014-10-23T09:44:00-FLR-001,['None Found.'],"10/23/2014, 09:50:00",1.1000000000000001e-05,"10/23/2014, 09:44:00"
M4.0,"10/24/2014, 07:53:00",2014-10-24T07:37:00-FLR-001,[{'activityID': '2014-10-24T08:12:00-CME-001'}],"10/24/2014, 07:48:00",4e-05,"10/24/2014, 07:37:00"
X3.1,"10/24/2014, 22:13:00",2014-10-24T21:07:00-FLR-001,['None Found.'],"10/24/2014, 21:41:00",0.00031,"10/24/2014, 21:07:00"
X1.0,"10/25/2014, 18:11:00",2014-10-25T16:55:00-FLR-001,['None Found.'],"10/25/2014, 17:08:00",0.0001,"10/25/2014, 16:55:00"
X2.0,"10/26/2014, 11:18:00",2014-10-26T10:04:00-FLR-001,['None Found.'],"10/26/2014, 10:56:00",0.0002,"10/26/2014, 10:04:00"
M1.0,"10/26/2014, 17:30:00",2014-10-26T17:08:00-FLR-001,['None Found.'],"10/26/2014, 17:17:00",1e-05,"10/26/2014, 17:08:00"
M4.2,"10/26/2014, 18:20:00",2014-10-26T18:07:00-FLR-001,['None Found.'],"10/26/2014, 18:15:00",4.2000000000000004e-05,"10/26/2014, 18:07:00"
M1.9,"10/26/2014, 18:56:00",2014-10-26T18:43:00-FLR-001,['None Found.'],"10/26/2014, 18:49:00",1.9e-05,"10/26/2014, 18:43:00"
M2.4,"10/26/2014, 20:45:00",2014-10-26T19:59:00-FLR-001,['None Found.'],"10/26/2014, 20:21:00",2.4e-05,"10/26/2014, 19:59:00"
M7.1,"10/27/2014, 00:44:00",2014-10-27T00:06:00-FLR-001,['None Found.'],"10/27/2014, 00:34:00",7.1e-05,"10/27/2014, 00:06:00"
M1.0,"10/27/2014, 02:11:00",2014-10-27T01:44:00-FLR-001,['None Found.'],"10/27/2014, 02:02:00",1e-05,"10/27/2014, 01:44:00"
M1.3,"10/27/2014, 03:48:00",2014-10-27T03:35:00-FLR-001,['None Found.'],"10/27/2014, 03:41:00",1.3000000000000001e-05,"10/27/2014, 03:35:00"
M6.7,"10/27/2014, 10:26:00",2014-10-27T09:59:00-FLR-001,['None Found.'],"10/27/2014, 10:09:00",6.7e-05,"10/27/2014, 09:59:00"
X2.0,"10/27/2014, 15:09:00",2014-10-27T14:12:00-FLR-001,['None Found.'],"10/27/2014, 14:47:00",0.0002,"10/27/2014, 14:12:00"
M1.4,"10/27/2014, 17:47:00",2014-10-27T17:33:00-FLR-001,['None Found.'],"10/27/2014, 17:40:00",1.4e-05,"10/27/2014, 17:33:00"
M3.4,"10/28/2014, 03:08:00",2014-10-28T02:15:00-FLR-001,['None Found.'],"10/28/2014, 02:42:00",3.4e-05,"10/28/2014, 02:15:00"
M6.6,"10/28/2014, 03:41:00",2014-10-28T03:23:00-FLR-001,['None Found.'],"10/28/2014, 03:32:00",6.6e-05,"10/28/2014, 03:23:00"
M1.6,"10/28/2014, 14:23:00",2014-10-28T13:54:00-FLR-001,['None Found.'],"10/28/2014, 14:06:00",1.6000000000000003e-05,"10/28/2014, 13:54:00"
M1.0,"10/29/2014, 08:52:00",2014-10-29T06:03:00-FLR-001,['None Found.'],"10/29/2014, 08:20:00",1e-05,"10/29/2014, 06:03:00"
M1.2,"10/29/2014, 10:06:00",2014-10-29T09:54:00-FLR-001,['None Found.'],"10/29/2014, 10:01:00",1.2e-05,"10/29/2014, 09:54:00"
M1.4,"10/29/2014, 14:51:00",2014-10-29T14:24:00-FLR-001,['None Found.'],"10/29/2014, 14:33:00",1.4e-05,"10/29/2014, 14:24:00"
M1.0,"10/29/2014, 16:33:00",2014-10-29T16:06:00-FLR-001,['None Found.'],"10/29/2014, 16:20:00",1e-05,"10/29/2014, 16:06:00"
M1.3,"10/29/2014, 18:52:00",2014-10-29T18:47:00-FLR-001,['None Found.'],"10/29/2014, 18:50:00",1.3000000000000001e-05,"10/29/2014, 18:47:00"
M2.3,"10/29/2014, 21:25:00",2014-10-29T21:18:00-FLR-001,['None Found.'],"10/29/2014, 21:22:00",2.3e-05,"10/29/2014, 21:18:00"
M1.3,"10/30/2014, 00:40:00",2014-10-30T00:34:00-FLR-001,['None Found.'],"10/30/2014, 00:37:00",1.3000000000000001e-05,"10/30/2014, 00:34:00"
M3.5,"10/30/2014, 01:56:00",2014-10-30T01:19:00-FLR-001,['None Found.'],"10/30/2014, 01:35:00",3.5000000000000004e-05,"10/30/2014, 01:19:00"
M1.2,"10/30/2014, 04:36:00",2014-10-30T04:17:00-FLR-001,['None Found.'],"10/30/2014, 04:28:00",1.2e-05,"10/30/2014, 04:17:00"
M2.2,"11/03/2014, 12:17:00",2014-11-03T11:23:00-FLR-001,[{'activityID': '2014-11-03T12:12:00-CME-001'}],"11/03/2014, 11:53:00",2.2000000000000003e-05,"11/03/2014, 11:23:00"
M6.5,"11/03/2014, 22:53:00",2014-11-03T22:15:00-FLR-001,[{'activityID': '2014-11-03T23:12:00-CME-001'}],"11/03/2014, 22:40:00",6.500000000000001e-05,"11/03/2014, 22:15:00"
M2.6,"11/04/2014, 08:51:00",2014-11-04T07:59:00-FLR-001,[{'activityID': '2014-11-04T09:12:00-CME-001'}],"11/04/2014, 08:38:00",2.6000000000000002e-05,"11/04/2014, 07:59:00"
M2.3,"11/04/2014, 09:13:00",2014-11-04T08:52:00-FLR-001,[{'activityID': '2014-11-04T09:12:00-CME-001'}],"11/04/2014, 09:04:00",2.3e-05,"11/04/2014, 08:52:00"
M7.9,"11/05/2014, 09:55:00",2014-11-05T09:26:00-FLR-001,[{'activityID': '2014-11-05T10:12:00-CME-001'}],"11/05/2014, 09:47:00",7.900000000000001e-05,"11/05/2014, 09:26:00"
M2.9,"11/05/2014, 20:15:00",2014-11-05T18:50:00-FLR-001,[{'activityID': '2014-11-05T20:00:00-CME-001'}],"11/05/2014, 19:44:00",2.9e-05,"11/05/2014, 18:50:00"
M3.2,"11/06/2014, 01:54:00",2014-11-06T01:29:00-FLR-001,['None Found.'],"11/06/2014, 01:39:00",3.2000000000000005e-05,"11/06/2014, 01:29:00"
M5.4,"11/06/2014, 04:02:00",2014-11-06T03:32:00-FLR-001,[{'activityID': '2014-11-06T04:00:00-CME-001'}],"11/06/2014, 03:46:00",5.4000000000000005e-05,"11/06/2014, 03:32:00"
M2.5,"11/06/2014, 22:34:00",2014-11-06T21:53:00-FLR-001,['None Found.'],"11/06/2014, 22:16:00",2.5e-05,"11/06/2014, 21:53:00"
M2.7,"11/07/2014, 03:32:00",2014-11-07T02:05:00-FLR-001,['None Found.'],"11/07/2014, 02:44:00",2.7000000000000002e-05,"11/07/2014, 02:05:00"
M2.0,"11/07/2014, 04:38:00",2014-11-07T04:12:00-FLR-001,[{'activityID': '2014-11-07T04:17:00-CME-001'}],"11/07/2014, 04:25:00",2e-05,"11/07/2014, 04:12:00"
M1.0,"11/07/2014, 10:30:00",2014-11-07T10:13:00-FLR-001,['None Found.'],"11/07/2014, 10:22:00",1e-05,"11/07/2014, 10:13:00"
X1.6,"11/07/2014, 17:34:00",2014-11-07T16:53:00-FLR-001,[{'activityID': '2014-11-07T18:08:00-CME-001'}],"11/07/2014, 17:26:00",0.00016,"11/07/2014, 16:53:00"
M2.3,"11/09/2014, 15:38:00",2014-11-09T15:24:00-FLR-001,['None Found.'],"11/09/2014, 15:32:00",2.3e-05,"11/09/2014, 15:24:00"
M3.2,"11/15/2014, 12:10:00",2014-11-15T11:40:00-FLR-001,['None Found.'],"11/15/2014, 12:03:00",3.2000000000000005e-05,"11/15/2014, 11:40:00"
M3.7,"11/15/2014, 20:50:00",2014-11-15T20:38:00-FLR-001,[{'activityID': '2014-11-15T21:12:00-CME-001'}],"11/15/2014, 20:46:00",3.7000000000000005e-05,"11/15/2014, 20:38:00"
M5.7,"11/16/2014, 17:57:00",2014-11-16T17:35:00-FLR-001,['None Found.'],"11/16/2014, 17:48:00",5.7e-05,"11/16/2014, 17:35:00"
M1.8,"12/01/2014, 06:59:00",2014-12-01T06:26:00-FLR-001,['None Found.'],"12/01/2014, 06:41:00",1.8e-05,"12/01/2014, 06:26:00"
M1.3,"12/04/2014, 08:21:00",2014-12-04T08:00:00-FLR-001,['None Found.'],"12/04/2014, 08:10:00",1.3000000000000001e-05,"12/04/2014, 08:00:00"
M6.1,"12/04/2014, 18:56:00",2014-12-04T18:05:00-FLR-001,['None Found.'],"12/04/2014, 18:25:00",6.1e-05,"12/04/2014, 18:05:00"
M1.3,"12/04/2014, 19:44:00",2014-12-04T19:38:00-FLR-001,['None Found.'],"12/04/2014, 19:41:00",1.3000000000000001e-05,"12/04/2014, 19:38:00"
M1.5,"12/05/2014, 12:47:00",2014-12-05T11:33:00-FLR-001,['None Found.'],"12/05/2014, 12:25:00",1.5000000000000002e-05,"12/05/2014, 11:33:00"
M1.5,"12/13/2014, 05:25:00",2014-12-13T05:13:00-FLR-001,['None Found.'],"12/13/2014, 05:20:00",1.5000000000000002e-05,"12/13/2014, 05:13:00"
M1.6,"12/14/2014, 19:39:00",2014-12-14T19:25:00-FLR-001,['None Found.'],"12/14/2014, 19:33:00",1.6000000000000003e-05,"12/14/2014, 19:25:00"
M1.5,"12/17/2014, 01:20:00",2014-12-17T00:57:00-FLR-001,['None Found.'],"12/17/2014, 01:10:00",1.5000000000000002e-05,"12/17/2014, 00:57:00"
M1.1,"12/17/2014, 01:57:00",2014-12-17T01:41:00-FLR-001,[{'activityID': '2014-12-17T02:00:00-CME-001'}],"12/17/2014, 01:50:00",1.1000000000000001e-05,"12/17/2014, 01:41:00"
M8.7,"12/17/2014, 05:20:00",2014-12-17T04:25:00-FLR-001,[{'activityID': '2014-12-17T05:00:00-CME-001'}],"12/17/2014, 04:51:00",8.7e-05,"12/17/2014, 04:25:00"
M1.4,"12/17/2014, 19:20:00",2014-12-17T18:54:00-FLR-001,['None Found.'],"12/17/2014, 19:01:00",1.4e-05,"12/17/2014, 18:54:00"
M6.9,"12/18/2014, 22:25:00",2014-12-18T21:41:00-FLR-001,[{'activityID': '2014-12-19T00:27:00-CME-001'}],"12/18/2014, 21:58:00",6.900000000000001e-05,"12/18/2014, 21:41:00"
M1.3,"12/19/2014, 09:54:00",2014-12-19T09:33:00-FLR-001,['None Found.'],"12/19/2014, 09:44:00",1.3000000000000001e-05,"12/19/2014, 09:33:00"
X1.8,"12/20/2014, 00:55:00",2014-12-20T00:11:00-FLR-001,[{'activityID': '2014-12-20T01:25:00-CME-001'}],"12/20/2014, 00:24:00",0.00018,"12/20/2014, 00:11:00"
M1.2,"12/21/2014, 07:51:00",2014-12-21T07:18:00-FLR-001,['None Found.'],"12/21/2014, 07:32:00",1.2e-05,"12/21/2014, 07:18:00"
M1.0,"12/21/2014, 12:57:00",2014-12-21T11:24:00-FLR-001,['None Found.'],"12/21/2014, 12:17:00",1e-05,"12/21/2014, 11:24:00"
M1.0,"12/22/2014, 01:59:00",2014-12-22T01:33:00-FLR-001,['None Found.'],"12/22/2014, 01:49:00",1e-05,"12/22/2014, 01:33:00"
M2.2,"12/27/2014, 02:24:00",2014-12-27T02:03:00-FLR-001,['None Found.'],"12/27/2014, 02:16:00",2.2000000000000003e-05,"12/27/2014, 02:03:00"
M1.1,"01/03/2015, 09:50:00",2015-01-03T09:43:00-FLR-001,['None Found.'],"01/03/2015, 09:47:00",1.1000000000000001e-05,"01/03/2015, 09:43:00"
M1.3,"01/04/2015, 15:53:00",2015-01-04T15:18:00-FLR-001,['None Found.'],"01/04/2015, 15:36:00",1.3000000000000001e-05,"01/04/2015, 15:18:00"
M5.6,"01/13/2015, 04:38:00",2015-01-13T04:13:00-FLR-001,[{'activityID': '2015-01-13T05:24:00-CME-001'}],"01/13/2015, 04:24:00",5.6e-05,"01/13/2015, 04:13:00"
M4.9,"01/13/2015, 05:10:00",2015-01-13T04:45:00-FLR-001,['None Found.'],"01/13/2015, 04:58:00",4.9000000000000005e-05,"01/13/2015, 04:45:00"
M2.2,"01/14/2015, 13:08:00",2015-01-14T12:48:00-FLR-001,['None Found.'],"01/14/2015, 12:57:00",2.2000000000000003e-05,"01/14/2015, 12:48:00"
M1.4,"01/22/2015, 05:02:00",2015-01-22T04:45:00-FLR-001,['None Found.'],"01/22/2015, 04:52:00",1.4e-05,"01/22/2015, 04:45:00"
M1.1,"01/26/2015, 16:58:00",2015-01-26T16:46:00-FLR-001,['None Found.'],"01/26/2015, 16:53:00",1.1000000000000001e-05,"01/26/2015, 16:46:00"
M1.4,"01/28/2015, 04:55:00",2015-01-28T04:21:00-FLR-001,['None Found.'],"01/28/2015, 04:41:00",1.4e-05,"01/28/2015, 04:21:00"
M1.0,"01/28/2015, 21:40:00",2015-01-28T21:32:00-FLR-001,['None Found.'],"01/28/2015, 21:37:00",1e-05,"01/28/2015, 21:32:00"
M2.1,"01/29/2015, 11:52:00",2015-01-29T11:32:00-FLR-001,['None Found.'],"01/29/2015, 11:42:00",2.1000000000000002e-05,"01/29/2015, 11:32:00"
M2.0,"01/30/2015, 00:44:00",2015-01-30T00:32:00-FLR-001,['None Found.'],"01/30/2015, 00:44:00",2e-05,"01/30/2015, 00:32:00"
M1.7,"01/30/2015, 06:35:00",2015-01-30T05:29:00-FLR-001,['None Found.'],"01/30/2015, 05:36:00",1.7e-05,"01/30/2015, 05:29:00"
M2.4,"01/30/2015, 12:21:00",2015-01-30T12:10:00-FLR-001,['None Found.'],"01/30/2015, 12:16:00",2.4e-05,"01/30/2015, 12:10:00"
M1.2,"02/04/2015, 02:21:00",2015-02-04T02:10:00-FLR-001,['None Found.'],"02/04/2015, 02:15:00",1.2e-05,"02/04/2015, 02:10:00"
M2.4,"02/10/2015, 00:12:00",2015-02-09T22:59:00-FLR-001,[{'activityID': '2015-02-09T23:24:00-CME-001'}],"02/09/2015, 23:35:00",2.4e-05,"02/09/2015, 22:59:00"
C6.0,"02/12/2015, 02:45:00",2015-02-12T02:00:00-FLR-001,['None Found.'],"02/12/2015, 02:12:00",6e-06,"02/12/2015, 02:00:00"
C1.4,"02/24/2015, 11:53:00",2015-02-24T09:54:00-FLR-001,[{'activityID': '2015-02-24T10:12:00-CME-001'}],"02/24/2015, 10:57:00",1.4e-06,"02/24/2015, 09:54:00"
C5.6,"02/28/2015, 10:07:00",2015-02-28T08:58:00-FLR-001,['None Found.'],"02/28/2015, 09:39:00",5.6e-06,"02/28/2015, 08:58:00"
M1.0,"03/02/2015, 06:44:00",2015-03-02T06:31:00-FLR-001,['None Found.'],"03/02/2015, 06:39:00",1e-05,"03/02/2015, 06:31:00"
M1.1,"03/02/2015, 09:58:00",2015-03-02T09:37:00-FLR-001,['None Found.'],"03/02/2015, 09:48:00",1.1000000000000001e-05,"03/02/2015, 09:37:00"
M3.7,"03/02/2015, 15:37:00",2015-03-02T15:10:00-FLR-001,['None Found.'],"03/02/2015, 15:28:00",3.7000000000000005e-05,"03/02/2015, 15:10:00"
M4.1,"03/02/2015, 19:36:00",2015-03-02T19:21:00-FLR-001,['None Found.'],"03/02/2015, 19:31:00",4.1e-05,"03/02/2015, 19:21:00"
M8.2,"03/03/2015, 01:42:00",2015-03-03T01:25:00-FLR-001,['None Found.'],"03/03/2015, 01:35:00",8.2e-05,"03/03/2015, 01:25:00"
M1.2,"03/05/2015, 18:26:00",2015-03-05T17:06:00-FLR-001,[{'activityID': '2015-03-06T19:20:00-SEP-001'}],"03/05/2015, 18:11:00",1.2e-05,"03/05/2015, 17:06:00"
M3.0,"03/06/2015, 05:27:00",2015-03-06T04:14:00-FLR-001,"[{'activityID': '2015-03-06T04:49:00-CME-001'}, {'activityID': '2015-03-06T19:20:00-SEP-001'}]","03/06/2015, 04:57:00",3.0000000000000004e-05,"03/06/2015, 04:14:00"
M1.5,"03/06/2015, 08:28:00",2015-03-06T06:55:00-FLR-001,[{'activityID': '2015-03-06T07:12:00-CME-001'}],"03/06/2015, 08:15:00",1.5000000000000002e-05,"03/06/2015, 06:55:00"
M9.2,"03/07/2015, 22:58:00",2015-03-07T21:45:00-FLR-001,[{'activityID': '2015-03-07T22:24:00-CME-001'}],"03/07/2015, 22:22:00",9.2e-05,"03/07/2015, 21:45:00"
M4.5,"03/09/2015, 14:37:00",2015-03-09T14:22:00-FLR-001,['None Found.'],"03/09/2015, 14:33:00",4.5e-05,"03/09/2015, 14:22:00"
M5.8,"03/10/2015, 00:12:00",2015-03-09T23:29:00-FLR-001,[{'activityID': '2015-03-10T00:00:00-CME-001'}],"03/09/2015, 23:53:00",5.8e-05,"03/09/2015, 23:29:00"
M5.1,"03/10/2015, 03:28:00",2015-03-10T03:19:00-FLR-001,[{'activityID': '2015-03-10T03:36:00-CME-001'}],"03/10/2015, 03:24:00",5.1e-05,"03/10/2015, 03:19:00"
M2.9,"03/11/2015, 00:06:00",2015-03-10T23:46:00-FLR-001,['None Found.'],"03/11/2015, 00:02:00",2.9e-05,"03/10/2015, 23:46:00"
M1.8,"03/11/2015, 07:43:00",2015-03-11T07:10:00-FLR-001,['None Found.'],"03/11/2015, 07:18:00",1.8e-05,"03/11/2015, 07:10:00"
M2.6,"03/11/2015, 08:03:00",2015-03-11T07:51:00-FLR-001,['None Found.'],"03/11/2015, 07:57:00",2.6000000000000002e-05,"03/11/2015, 07:51:00"
X2.2,"03/11/2015, 16:29:00",2015-03-11T16:11:00-FLR-001,[{'activityID': '2015-03-11T18:00:00-CME-001'}],"03/11/2015, 16:22:00",0.00022000000000000003,"03/11/2015, 16:11:00"
M1.0,"03/11/2015, 18:57:00",2015-03-11T18:37:00-FLR-001,['None Found.'],"03/11/2015, 18:51:00",1e-05,"03/11/2015, 18:37:00"
M3.2,"03/12/2015, 04:50:00",2015-03-12T04:41:00-FLR-001,['None Found.'],"03/12/2015, 04:46:00",3.2000000000000005e-05,"03/12/2015, 04:41:00"
M1.6,"03/12/2015, 12:02:00",2015-03-12T11:38:00-FLR-001,['None Found.'],"03/12/2015, 11:50:00",1.6000000000000003e-05,"03/12/2015, 11:38:00"
M1.4,"03/12/2015, 12:18:00",2015-03-12T12:09:00-FLR-001,['None Found.'],"03/12/2015, 12:14:00",1.4e-05,"03/12/2015, 12:09:00"
M4.2,"03/12/2015, 14:13:00",2015-03-12T13:50:00-FLR-001,['None Found.'],"03/12/2015, 14:08:00",4.2000000000000004e-05,"03/12/2015, 13:50:00"
M2.7,"03/12/2015, 21:56:00",2015-03-12T21:44:00-FLR-001,['None Found.'],"03/12/2015, 21:51:00",2.7000000000000002e-05,"03/12/2015, 21:44:00"
M1.2,"03/13/2015, 04:16:00",2015-03-13T03:47:00-FLR-001,['None Found.'],"03/13/2015, 04:01:00",1.2e-05,"03/13/2015, 03:47:00"
M1.8,"03/13/2015, 06:12:00",2015-03-13T05:49:00-FLR-001,['None Found.'],"03/13/2015, 06:07:00",1.8e-05,"03/13/2015, 05:49:00"
M1.3,"03/14/2015, 04:54:00",2015-03-14T04:23:00-FLR-001,['None Found.'],"03/14/2015, 04:40:00",1.3000000000000001e-05,"03/14/2015, 04:23:00"
C9.1,"03/15/2015, 02:13:00",2015-03-15T01:15:00-FLR-001,"[{'activityID': '2015-03-15T02:00:00-CME-001'}, {'activityID': '2015-03-16T07:36:00-SEP-001'}]","03/15/2015, 02:13:00",9.1e-06,"03/15/2015, 01:15:00"
M1.0,"03/15/2015, 09:46:00",2015-03-15T09:36:00-FLR-001,['None Found.'],"03/15/2015, 09:40:00",1e-05,"03/15/2015, 09:36:00"
M1.2,"03/15/2015, 23:38:00",2015-03-15T22:42:00-FLR-001,['None Found.'],"03/15/2015, 23:22:00",1.2e-05,"03/15/2015, 22:42:00"
M1.6,"03/16/2015, 11:17:00",2015-03-16T10:39:00-FLR-001,['None Found.'],"03/16/2015, 10:58:00",1.6000000000000003e-05,"03/16/2015, 10:39:00"
M1.0,"03/17/2015, 23:48:00",2015-03-17T22:49:00-FLR-001,[{'activityID': '2015-03-18T00:12:00-CME-001'}],"03/17/2015, 23:34:00",1e-05,"03/17/2015, 22:49:00"
M1.4,"04/08/2015, 14:47:00",2015-04-08T14:37:00-FLR-001,['None Found.'],"04/08/2015, 14:43:00",1.4e-05,"04/08/2015, 14:37:00"
M1.1,"04/12/2015, 10:44:00",2015-04-12T08:51:00-FLR-001,[{'activityID': '2015-04-12T10:00:00-CME-001'}],"04/12/2015, 09:50:00",1.1000000000000001e-05,"04/12/2015, 08:51:00"
C5.2,"04/18/2015, 14:39:00",2015-04-18T14:03:00-FLR-001,[{'activityID': '2015-04-18T15:12:00-CME-001'}],"04/18/2015, 14:19:00",5.2e-06,"04/18/2015, 14:03:00"
M1.0,"04/21/2015, 07:27:00",2015-04-21T07:08:00-FLR-001,['None Found.'],"04/21/2015, 07:21:00",1e-05,"04/21/2015, 07:08:00"
M2.2,"04/21/2015, 10:59:00",2015-04-21T10:17:00-FLR-001,[{'activityID': '2015-04-21T10:36:00-CME-001'}],"04/21/2015, 10:40:00",2.2000000000000003e-05,"04/21/2015, 10:17:00"
M2.2,"04/21/2015, 12:02:00",2015-04-21T11:49:00-FLR-001,['None Found.'],"04/21/2015, 11:57:00",2.2000000000000003e-05,"04/21/2015, 11:49:00"
M4.0,"04/21/2015, 15:51:00",2015-04-21T15:24:00-FLR-001,['None Found.'],"04/21/2015, 15:45:00",4e-05,"04/21/2015, 15:24:00"
M2.1,"04/21/2015, 17:09:00",2015-04-21T16:55:00-FLR-001,['None Found.'],"04/21/2015, 17:00:00",2.1000000000000002e-05,"04/21/2015, 16:55:00"
M1.8,"04/21/2015, 21:55:00",2015-04-21T21:39:00-FLR-001,['None Found.'],"04/21/2015, 21:45:00",1.8e-05,"04/21/2015, 21:39:00"
M1.2,"04/21/2015, 22:04:00",2015-04-21T21:58:00-FLR-001,['None Found.'],"04/21/2015, 22:01:00",1.2e-05,"04/21/2015, 21:58:00"
M1.1,"04/22/2015, 08:58:00",2015-04-22T08:30:00-FLR-001,['None Found.'],"04/22/2015, 08:44:00",1.1000000000000001e-05,"04/22/2015, 08:30:00"
M1.1,"04/23/2015, 10:07:00",2015-04-23T09:18:00-FLR-001,[{'activityID': '2015-04-23T09:36:00-CME-001'}],"04/23/2015, 10:07:00",1.1000000000000001e-05,"04/23/2015, 09:18:00"
M1.9,"05/05/2015, 09:51:00",2015-05-05T09:42:00-FLR-001,['None Found.'],"05/05/2015, 09:47:00",1.9e-05,"05/05/2015, 09:42:00"
M1.2,"05/05/2015, 13:56:00",2015-05-05T13:45:00-FLR-001,['None Found.'],"05/05/2015, 13:53:00",1.2e-05,"05/05/2015, 13:45:00"
M1.3,"05/05/2015, 14:32:00",2015-05-05T14:19:00-FLR-001,['None Found.'],"05/05/2015, 14:25:00",1.3000000000000001e-05,"05/05/2015, 14:19:00"
M2.6,"05/05/2015, 17:30:00",2015-05-05T17:12:00-FLR-001,['None Found.'],"05/05/2015, 17:24:00",2.6000000000000002e-05,"05/05/2015, 17:12:00"
X2.7,"05/05/2015, 22:15:00",2015-05-05T22:05:00-FLR-001,[{'activityID': '2015-05-05T22:24:00-CME-001'}],"05/05/2015, 22:11:00",0.00027000000000000006,"05/05/2015, 22:05:00"
M1.9,"05/06/2015, 11:51:00",2015-05-06T11:45:00-FLR-001,['None Found.'],"05/06/2015, 11:49:00",1.9e-05,"05/06/2015, 11:45:00"
C2.6,"05/12/2015, 03:42:00",2015-05-12T02:15:00-FLR-001,[{'activityID': '2015-05-12T02:48:00-CME-001'}],"05/12/2015, 03:22:00",2.6e-06,"05/12/2015, 02:15:00"
C9.2,"05/13/2015, 18:38:00",2015-05-13T18:09:00-FLR-001,[{'activityID': '2015-05-13T18:48:00-CME-001'}],"05/13/2015, 18:18:00",9.199999999999998e-06,"05/13/2015, 18:09:00"
C5.8,"06/09/2015, 04:09:00",2015-06-09T03:40:00-FLR-001,['None Found.'],"06/09/2015, 03:53:00",5.7999999999999995e-06,"06/09/2015, 03:40:00"
C2.8,"06/09/2015, 20:20:00",2015-06-09T19:55:00-FLR-001,[{'activityID': '2015-06-09T20:00:00-CME-001'}],"06/09/2015, 20:06:00",2.8e-06,"06/09/2015, 19:55:00"
M1.0,"06/11/2015, 09:00:00",2015-06-11T08:50:00-FLR-001,['None Found.'],"06/11/2015, 08:55:00",1e-05,"06/11/2015, 08:50:00"
M1.3,"06/13/2015, 07:47:00",2015-06-13T07:20:00-FLR-001,['None Found.'],"06/13/2015, 07:29:00",1.3000000000000001e-05,"06/13/2015, 07:20:00"
M2.0,"06/14/2015, 01:09:00",2015-06-14T00:52:00-FLR-001,['None Found.'],"06/14/2015, 00:59:00",2e-05,"06/14/2015, 00:52:00"
M1.2,"06/18/2015, 01:55:00",2015-06-18T00:34:00-FLR-001,"[{'activityID': '2015-06-18T09:25:00-SEP-001'}, {'activityID': '2015-06-18T15:30:00-SEP-001'}]","06/18/2015, 01:27:00",1.2e-05,"06/18/2015, 00:34:00"
M3.0,"06/18/2015, 18:25:00",2015-06-18T16:33:00-FLR-001,[{'activityID': '2015-06-18T17:24:00-CME-001'}],"06/18/2015, 17:36:00",3.0000000000000004e-05,"06/18/2015, 16:33:00"
M1.0,"06/20/2015, 07:09:00",2015-06-20T06:28:00-FLR-001,['None Found.'],"06/20/2016, 06:48:00",1e-05,"06/20/2015, 06:28:00"
M2.0,"06/21/2015, 02:00:00",2015-06-21T01:02:00-FLR-001,"[{'activityID': '2015-06-21T02:48:00-CME-001'}, {'activityID': '2015-06-21T20:35:00-SEP-001'}]","06/21/2015, 01:42:00",2e-05,"06/21/2015, 01:02:00"
M2.6,"06/21/2015, 03:02:00",2015-06-21T02:06:00-FLR-001,"[{'activityID': '2015-06-21T02:48:00-CME-001'}, {'activityID': '2015-06-21T20:35:00-SEP-001'}]","06/21/2015, 02:36:00",2.6000000000000002e-05,"06/21/2015, 02:06:00"
M3.8,"06/21/2015, 09:50:00",2015-06-21T09:38:00-FLR-001,[{'activityID': '2015-06-21T20:35:00-SEP-001'}],"06/21/2015, 09:44:00",3.8e-05,"06/21/2015, 09:38:00"
M1.1,"06/21/2015, 18:28:00",2015-06-21T18:10:00-FLR-001,[{'activityID': '2015-06-21T20:35:00-SEP-001'}],"06/21/2015, 18:20:00",1.1000000000000001e-05,"06/21/2015, 18:10:00"
M6.5,"06/22/2015, 18:51:00",2015-06-22T17:39:00-FLR-001,[{'activityID': '2015-06-22T18:36:00-CME-001'}],"06/22/2015, 18:23:00",6.500000000000001e-05,"06/22/2015, 17:39:00"
C5.6,"06/24/2015, 16:20:00",2015-06-24T15:14:00-FLR-001,['None Found.'],"06/24/2015, 15:29:00",5.6e-06,"06/24/2015, 15:14:00"
M7.9,"06/25/2015, 09:05:00",2015-06-25T08:02:00-FLR-001,"[{'activityID': '2015-06-25T08:36:00-CME-001'}, {'activityID': '2015-06-25T18:00:00-SEP-001'}, {'activityID': '2015-06-26T01:20:00-SEP-001'}]","06/25/2015, 08:16:00",7.900000000000001e-05,"06/25/2015, 08:02:00"
C2.4,"06/29/2015, 18:14:00",2015-06-29T17:58:00-FLR-001,['None Found.'],"06/29/2015, 18:07:00",2.4e-06,"06/29/2015, 17:58:00"
M1.5,"07/03/2015, 12:53:00",2015-07-03T12:47:00-FLR-001,['None Found.'],"07/03/2015, 12:51:00",1.5000000000000002e-05,"07/03/2015, 12:47:00"
M1.0,"07/06/2015, 08:59:00",2015-07-06T08:24:00-FLR-001,['None Found.'],"07/06/2015, 08:44:00",1e-05,"07/06/2015, 08:24:00"
M1.7,"07/06/2015, 20:50:00",2015-07-06T20:32:00-FLR-001,['None Found.'],"07/06/2015, 20:40:00",1.7e-05,"07/06/2015, 20:32:00"
C2.1,"07/19/2015, 13:02:00",2015-07-19T09:22:00-FLR-001,[{'activityID': '2015-07-19T09:48:00-CME-001'}],"07/19/2015, 10:40:00",2.1e-06,"07/19/2015, 09:22:00"
C3.4,"08/20/2015, 06:22:00",2015-08-20T05:05:00-FLR-001,['None Found.'],"08/20/2015, 05:27:00",3.3999999999999996e-06,"08/20/2015, 05:05:00"
M1.2,"08/21/2015, 02:36:00",2015-08-21T01:56:00-FLR-001,['None Found.'],"08/21/2015, 02:18:00",1.2e-05,"08/21/2015, 01:56:00"
M1.4,"08/21/2015, 10:07:00",2015-08-21T09:34:00-FLR-001,[{'activityID': '2015-08-21T10:24:00-CME-001'}],"08/21/2015, 09:48:00",1.4e-05,"08/21/2015, 09:34:00"
M1.1,"08/21/2015, 20:50:00",2015-08-21T19:10:00-FLR-001,['None Found.'],"08/21/2015, 20:34:00",1.1000000000000001e-05,"08/21/2015, 19:10:00"
M1.2,"08/22/2015, 06:59:00",2015-08-22T06:39:00-FLR-001,[{'activityID': '2015-08-22T07:24:00-CME-001'}],"08/22/2015, 06:49:00",1.2e-05,"08/22/2015, 06:39:00"
M2.2,"08/22/2015, 13:29:00",2015-08-22T13:17:00-FLR-001,['None Found.'],"08/22/2015, 13:23:00",2.2000000000000003e-05,"08/22/2015, 13:17:00"
M3.5,"08/22/2015, 21:28:00",2015-08-22T21:19:00-FLR-001,['None Found.'],"08/22/2015, 21:24:00",3.5000000000000004e-05,"08/22/2015, 21:19:00"
M5.6,"08/24/2015, 07:35:00",2015-08-24T07:26:00-FLR-001,['None Found.'],"08/24/2015, 07:33:00",5.6e-05,"08/24/2015, 07:26:00"
M1.0,"08/24/2015, 17:49:00",2015-08-24T17:40:00-FLR-001,['None Found.'],"08/24/2015, 17:46:00",1e-05,"08/24/2015, 17:40:00"
M2.9,"08/27/2015, 06:03:00",2015-08-27T04:48:00-FLR-001,['None Found.'],"08/27/2015, 05:44:00",2.9e-05,"08/27/2015, 04:48:00"
M2.2,"08/28/2015, 13:23:00",2015-08-28T13:04:00-FLR-001,['None Found.'],"08/28/2015, 13:16:00",2.2000000000000003e-05,"08/28/2015, 13:04:00"
M2.1,"08/28/2015, 19:06:00",2015-08-28T18:56:00-FLR-001,['None Found.'],"08/28/2015, 19:03:00",2.1000000000000002e-05,"08/28/2015, 18:56:00"
M1.4,"08/30/2015, 04:23:00",2015-08-30T02:01:00-FLR-001,['None Found.'],"08/30/2015, 03:30:00",1.4e-05,"08/30/2015, 02:01:00"
C1.3,Invalid format / no data.,2015-09-11T21:30:00-FLR-001,['None Found.'],"09/11/2015, 21:37:00",1.3e-06,"09/11/2015, 21:30:00"
M1.5,"09/20/2015, 05:17:00",2015-09-20T04:55:00-FLR-001,['None Found.'],"09/20/2015, 05:03:00",1.5000000000000002e-05,"09/20/2015, 04:55:00"
M2.1,"09/20/2015, 18:29:00",2015-09-20T17:32:00-FLR-001,[{'activityID': '2015-09-20T18:12:00-CME-001'}],"09/20/2015, 18:03:00",2.1000000000000002e-05,"09/20/2015, 17:32:00"
M1.9,"09/27/2015, 10:46:00",2015-09-27T10:20:00-FLR-001,['None Found.'],"09/27/2015, 10:40:00",1.9e-05,"09/27/2015, 10:20:00"
M1.0,"09/27/2015, 21:15:00",2015-09-27T20:54:00-FLR-001,['None Found.'],"09/27/2015, 21:00:00",1e-05,"09/27/2015, 20:54:00"
M3.6,"09/28/2015, 03:59:00",2015-09-28T03:45:00-FLR-001,[{'activityID': '2015-09-28T05:12:00-CME-001'}],"09/28/2015, 03:55:00",3.6e-05,"09/28/2015, 03:45:00"
M1.1,"09/28/2015, 07:46:00",2015-09-28T07:27:00-FLR-001,['None Found.'],"09/28/2015, 07:34:00",1.1000000000000001e-05,"09/28/2015, 07:27:00"
M1.1,"09/28/2015, 13:29:00",2015-09-28T13:01:00-FLR-001,['None Found.'],"09/28/2015, 13:18:00",1.1000000000000001e-05,"09/28/2015, 13:01:00"
M7.6,"09/28/2015, 15:03:00",2015-09-28T14:53:00-FLR-001,['None Found.'],"09/28/2015, 14:58:00",7.6e-05,"09/28/2015, 14:53:00"
M1.2,"09/29/2015, 03:31:00",2015-09-29T03:11:00-FLR-001,['None Found.'],"09/29/2015, 03:16:00",1.2e-05,"09/29/2015, 03:11:00"
M1.1,"09/29/2015, 03:53:00",2015-09-29T03:41:00-FLR-001,['None Found.'],"09/29/2015, 03:43:00",1.1000000000000001e-05,"09/29/2015, 03:41:00"
C5.1,"09/29/2015, 04:55:00",2015-09-29T04:41:00-FLR-001,['None Found.'],"09/29/2015, 04:46:00",5.0999999999999995e-06,"09/29/2015, 04:41:00"
M2.9,"09/29/2015, 05:33:00",2015-09-29T05:05:00-FLR-001,['None Found.'],"09/29/2015, 05:16:00",2.9e-05,"09/29/2015, 05:05:00"
M1.2,"09/29/2015, 05:39:00",2015-09-29T05:33:00-FLR-001,['None Found.'],"09/29/2015, 05:37:00",1.2e-05,"09/29/2015, 05:33:00"
M1.0,"09/29/2015, 06:04:00",2015-09-29T05:53:00-FLR-001,['None Found.'],"09/29/2015, 05:56:00",1e-05,"09/29/2015, 05:53:00"
C8.6,"09/29/2015, 06:23:00",2015-09-29T06:15:00-FLR-001,['None Found.'],"09/29/2015, 06:18:00",8.599999999999999e-06,"09/29/2015, 06:15:00"
M1.4,"09/29/2015, 06:46:00",2015-09-29T06:39:00-FLR-001,['None Found.'],"09/29/2015, 06:43:00",1.4e-05,"09/29/2015, 06:39:00"
M1.3,"09/29/2015, 08:51:00",2015-09-29T08:46:00-FLR-001,['None Found.'],"09/29/2015, 08:55:00",1.3000000000000001e-05,"09/29/2015, 08:46:00"
C5.2,"09/29/2015, 09:28:00",2015-09-29T09:22:00-FLR-001,['None Found.'],"09/29/2015, 09:26:00",5.2e-06,"09/29/2015, 09:22:00"
M1.6,"09/29/2015, 11:20:00",2015-09-29T11:09:00-FLR-001,['None Found.'],"09/29/2015, 11:15:00",1.6000000000000003e-05,"09/29/2015, 11:09:00"
M1.1,"09/29/2015, 19:27:00",2015-09-29T19:20:00-FLR-001,['None Found.'],"09/29/2015, 19:24:00",1.1000000000000001e-05,"09/29/2015, 19:20:00"
M1.3,"09/30/2015, 11:13:00",2015-09-30T10:49:00-FLR-001,['None Found.'],"09/30/2015, 10:59:00",1.3000000000000001e-05,"09/30/2015, 10:49:00"
M1.1,"09/30/2015, 13:21:00",2015-09-30T13:18:00-FLR-001,['None Found.'],"09/30/2015, 13:20:00",1.1000000000000001e-05,"09/30/2015, 13:18:00"
M4.5,"10/01/2015, 13:14:00",2015-10-01T13:03:00-FLR-001,['None Found.'],"10/01/2015, 13:10:00",4.5e-05,"10/01/2015, 13:03:00"
M5.5,"10/02/2015, 00:17:00",2015-10-02T00:08:00-FLR-001,['None Found.'],"10/02/2015, 00:13:00",5.5e-05,"10/02/2015, 00:08:00"
M1.0,"10/02/2015, 12:31:00",2015-10-02T12:21:00-FLR-001,['None Found.'],"10/02/2015, 12:26:00",1e-05,"10/02/2015, 12:21:00"
M1.0,"10/02/2015, 17:25:00",2015-10-02T17:10:00-FLR-001,['None Found.'],"10/02/2015, 17:18:00",1e-05,"10/02/2015, 17:10:00"
M1.0,"10/04/2015, 02:48:00",2015-10-04T02:36:00-FLR-001,['None Found.'],"10/04/2015, 02:41:00",1e-05,"10/04/2015, 02:36:00"
M1.1,"10/15/2015, 23:37:00",2015-10-15T23:27:00-FLR-001,['None Found.'],"10/15/2015, 23:31:00",1.1000000000000001e-05,"10/15/2015, 23:27:00"
M1.1,"10/16/2015, 06:20:00",2015-10-16T06:11:00-FLR-001,['None Found.'],"10/16/2015, 06:16:00",1.1000000000000001e-05,"10/16/2015, 06:11:00"
M1.1,"10/17/2015, 20:28:00",2015-10-17T20:09:00-FLR-001,['None Found.'],"10/17/2015, 20:23:00",1.1000000000000001e-05,"10/17/2015, 20:09:00"
M1.5,"10/17/2015, 20:46:00",2015-10-17T20:35:00-FLR-001,['None Found.'],"10/17/2015, 20:42:00",1.5000000000000002e-05,"10/17/2015, 20:35:00"
C4.4,"10/22/2015, 07:44:00",2015-10-22T02:13:00-FLR-001,[{'activityID': '2015-10-22T03:12:00-CME-001'}],"10/22/2015, 03:40:00",4.4e-06,"10/22/2015, 02:13:00"
C1.1,"10/29/2015, 01:40:00",2015-10-29T01:03:00-FLR-001,"[{'activityID': '2015-10-29T04:00:00-SEP-001'}, {'activityID': '2015-10-29T04:35:00-SEP-001'}, {'activityID': '2015-10-29T05:50:00-SEP-001'}]","10/29/2015, 01:25:00",1.1e-06,"10/29/2015, 01:03:00"
M1.0,"10/31/2015, 17:55:00",2015-10-31T17:48:00-FLR-001,['None Found.'],"10/31/2015, 17:52:00",1e-05,"10/31/2015, 17:48:00"
C5.5,"11/03/2015, 19:31:00",2015-11-03T18:43:00-FLR-001,['None Found.'],"11/03/2015, 19:09:00",5.5e-06,"11/03/2015, 18:43:00"
M1.9,"11/04/2015, 03:29:00",2015-11-04T03:20:00-FLR-001,[{'activityID': '2015-11-04T03:48:00-CME-001'}],"11/04/2015, 03:25:00",1.9e-05,"11/04/2015, 03:20:00"
C4.6,"11/04/2015, 09:09:00",2015-11-04T08:47:00-FLR-001,['None Found.'],"11/04/2015, 09:00:00",4.599999999999999e-06,"11/04/2015, 08:47:00"
M2.6,"11/04/2015, 12:12:00",2015-11-04T11:56:00-FLR-001,['None Found.'],"11/04/2015, 12:03:00",2.6000000000000002e-05,"11/04/2015, 11:56:00"
M3.7,"11/04/2015, 14:13:00",2015-11-04T13:30:00-FLR-001,[{'activityID': '2015-11-04T14:24:00-CME-001'}],"11/04/2015, 13:52:00",3.7000000000000005e-05,"11/04/2015, 13:30:00"
M3.9,"11/09/2015, 13:28:00",2015-11-09T12:49:00-FLR-001,['None Found.'],"11/09/2015, 13:12:00",3.9e-05,"11/09/2015, 12:49:00"
C3.6,"12/01/2015, 08:30:00",2015-12-01T07:59:00-FLR-001,[{'activityID': '2015-12-01T09:54:00-CME-001'}],"12/01/2015, 08:10:00",3.6e-06,"12/01/2015, 07:59:00"
C6.6,"12/16/2015, 09:23:00",2015-12-16T08:34:00-FLR-001,[{'activityID': '2015-12-16T09:36:00-CME-001'}],"12/16/2015, 09:03:00",6.5999999999999995e-06,"12/16/2015, 08:34:00"
M2.8,"12/21/2015, 01:11:00",2015-12-21T00:52:00-FLR-001,[{'activityID': '2015-12-21T01:24:00-CME-001'}],"12/21/2015, 01:03:00",2.8e-05,"12/21/2015, 00:52:00"
M1.1,"12/21/2015, 10:32:00",2015-12-21T10:09:00-FLR-001,[{'activityID': '2015-12-21T10:48:00-CME-001'}],"12/21/2015, 10:19:00",1.1000000000000001e-05,"12/21/2015, 10:09:00"
M1.6,"12/22/2015, 03:48:00",2015-12-22T03:15:00-FLR-001,['None Found.'],"12/22/2015, 03:34:00",1.6000000000000003e-05,"12/22/2015, 03:15:00"
C6.3,"12/22/2015, 13:53:00",2015-12-22T13:06:00-FLR-001,['None Found.'],"12/22/2015, 13:38:00",6.3e-06,"12/22/2015, 13:06:00"
M4.7,"12/23/2015, 00:52:00",2015-12-23T00:23:00-FLR-001,[{'activityID': '2015-12-23T01:09:00-CME-001'}],"12/23/2015, 00:40:00",4.7000000000000004e-05,"12/23/2015, 00:23:00"
M1.1,"12/24/2015, 02:22:00",2015-12-24T01:49:00-FLR-001,['None Found.'],"12/24/2015, 02:12:00",1.1000000000000001e-05,"12/24/2015, 01:49:00"
M1.8,"12/28/2015, 14:09:00",2015-12-28T11:20:00-FLR-001,[{'activityID': '2015-12-28T12:39:00-CME-001'}],"12/28/2015, 12:45:00",1.8e-05,"12/28/2015, 11:20:00"
C6.8,"12/29/2015, 10:43:00",2015-12-29T10:11:00-FLR-001,['None Found.'],"12/29/2015, 10:32:00",6.799999999999999e-06,"12/29/2015, 10:11:00"
M2.3,Invalid format / no data.,2016-01-01T23:00:00-FLR-001,"[{'activityID': '2016-01-01T23:12:00-CME-001'}, {'activityID': '2016-01-02T02:48:00-SEP-001'}, {'activityID': '2016-01-02T04:30:00-SEP-001'}]","01/02/2015, 00:10:00",2.3e-05,"01/01/2016, 23:00:00"
C9.6,"01/28/2016, 12:56:00",2016-01-28T11:48:00-FLR-001,[{'activityID': '2016-01-28T12:24:00-CME-001'}],"01/28/2016, 12:02:00",9.6e-06,"01/28/2016, 11:48:00"
C5.1,"02/04/2016, 18:28:00",2016-02-04T18:15:00-FLR-001,['None Found.'],"02/04/2016, 18:22:00",5.0999999999999995e-06,"02/04/2016, 18:15:00"
C8.9,"02/11/2016, 22:27:00",2016-02-11T20:18:00-FLR-001,[{'activityID': '2016-02-11T21:28:00-CME-001'}],"02/11/2016, 21:03:00",8.9e-06,"02/11/2016, 20:18:00"
M1.0,"02/12/2016, 10:53:00",2016-02-12T10:37:00-FLR-001,['None Found.'],"02/12/2016, 10:47:00",1e-05,"02/12/2016, 10:37:00"
M1.8,"02/13/2016, 15:26:00",2016-02-13T15:18:00-FLR-001,['None Found.'],"02/13/2016, 15:24:00",1.8e-05,"02/13/2016, 15:18:00"
M1.0,"02/14/2016, 19:29:00",2016-02-14T19:20:00-FLR-001,['None Found.'],"02/14/2016, 19:26:00",1e-05,"02/14/2016, 19:20:00"
M1.1,"02/15/2016, 11:06:00",2016-02-15T10:41:00-FLR-001,['None Found.'],"02/15/2016, 11:00:00",1.1000000000000001e-05,"02/15/2016, 10:41:00"
C9.4,"02/17/2016, 05:07:00",2016-02-17T04:54:00-FLR-001,['None Found.'],"02/17/2016, 05:01:00",9.4e-06,"02/17/2016, 04:54:00"
C2.2,"03/16/2016, 06:57:00",2016-03-16T06:34:00-FLR-001,[{'activityID': '2016-03-16T07:00:00-CME-001'}],"03/16/2016, 06:45:00",2.2e-06,"03/16/2016, 06:34:00"
C2.8,"04/09/2016, 16:00:00",2016-04-09T12:08:00-FLR-001,[{'activityID': '2016-04-09T13:36:00-CME-001'}],"04/09/2016, 13:42:00",2.8e-06,"04/09/2016, 12:08:00"
M6.7,"04/18/2016, 00:39:00",2016-04-18T00:14:00-FLR-001,[{'activityID': '2016-04-18T00:36:00-CME-001'}],"04/18/2016, 00:29:00",6.7e-05,"04/18/2016, 00:14:00"
B5.8,"06/27/2016, 10:24:00",2016-06-27T09:42:00-FLR-001,[{'activityID': '2016-06-27T10:24:00-CME-001'}],"06/27/2016, 09:58:00",5.8e-07,"06/27/2016, 09:42:00"
C5.1,Invalid format / no data.,2016-07-07T07:49:00-FLR-001,['None Found.'],"07/07/2016, 07:56:00",5.0999999999999995e-06,"07/07/2016, 07:49:00"
C8.6,Invalid format / no data.,2016-07-10T00:53:00-FLR-001,[{'activityID': '2016-07-10T00:53:00-CME-001'}],"07/10/2016, 00:59:00",8.599999999999999e-06,"07/10/2016, 00:53:00"
M1.2,"07/21/2016, 01:15:00",2016-07-21T00:41:00-FLR-001,['None Found.'],"07/21/2016, 00:46:00",1.2e-05,"07/21/2016, 00:41:00"
M1.0,"07/21/2016, 03:15:00",2016-07-21T01:34:00-FLR-001,['None Found.'],"07/21/2016, 01:48:00",1e-05,"07/21/2016, 01:34:00"
M5.0,"07/23/2016, 02:23:00",2016-07-23T01:46:00-FLR-001,['None Found.'],"07/23/2016, 02:11:00",5e-05,"07/23/2016, 01:46:00"
M7.6,"07/23/2016, 05:24:00",2016-07-23T05:00:00-FLR-001,[{'activityID': '2016-07-23T05:24:00-CME-001'}],"07/23/2016, 05:16:00",7.6e-05,"07/23/2016, 05:00:00"
M5.5,"07/23/2016, 05:33:00",2016-07-23T05:27:00-FLR-001,[{'activityID': '2016-07-23T05:24:00-CME-001'}],"07/23/2016, 05:31:00",5.5e-05,"07/23/2016, 05:27:00"
M2.0,"07/24/2016, 06:32:00",2016-07-24T06:09:00-FLR-001,['None Found.'],"07/24/2016, 06:20:00",2e-05,"07/24/2016, 06:09:00"
M1.9,"07/24/2016, 18:12:00",2016-07-24T17:30:00-FLR-001,['None Found.'],"07/24/2016, 17:43:00",1.9e-05,"07/24/2016, 17:30:00"
M1.3,"08/07/2016, 14:48:00",2016-08-07T14:37:00-FLR-001,['None Found.'],"08/07/2016, 14:44:00",1.3000000000000001e-05,"08/07/2016, 14:37:00"
C8.9,"08/09/2016, 00:52:00",2016-08-09T00:34:00-FLR-001,['None Found.'],"08/09/2016, 00:42:00",8.9e-06,"08/09/2016, 00:34:00"
M1.0,"11/29/2016, 17:26:00",2016-11-29T17:19:00-FLR-001,['None Found.'],"11/29/2016, 17:23:00",1e-05,"11/29/2016, 17:19:00"
M1.2,"11/30/2016, 23:40:00",2016-11-29T23:29:00-FLR-001,['None Found.'],"11/29/2016, 23:38:00",1.2e-05,"11/29/2016, 23:29:00"
C4.0,"12/10/2016, 17:35:00",2016-12-10T16:48:00-FLR-001,[{'activityID': '2016-12-10T17:24:00-CME-001'}],"12/10/2016, 17:15:00",4e-06,"12/10/2016, 16:48:00"
C9.3,"01/21/2017, 07:37:00",2017-01-21T07:23:00-FLR-001,['None Found.'],"01/21/2017, 07:26:00",9.3e-06,"01/21/2017, 07:23:00"
C3.2,"03/27/2017, 12:43:00",2017-03-27T11:07:00-FLR-001,[{'activityID': '2017-03-27T12:12:00-CME-001'}],"03/27/2017, 11:12:00",3.2e-06,"03/27/2017, 11:07:00"
C5.1,"03/27/2017, 18:47:00",2017-03-27T17:55:00-FLR-001,['None Found.'],"03/27/2017, 18:20:00",5.0999999999999995e-06,"03/27/2017, 17:55:00"
C3.7,"04/01/2017, 20:13:00",2017-04-01T19:30:00-FLR-001,[{'activityID': '2017-04-01T20:12:00-CME-001'}],"04/01/2017, 19:56:00",3.7e-06,"04/01/2017, 19:30:00"
M4.4,"04/01/2017, 22:05:00",2017-04-01T21:35:00-FLR-001,[{'activityID': '2017-04-01T22:12:00-CME-001'}],"04/01/2017, 21:48:00",4.4000000000000006e-05,"04/01/2017, 21:35:00"
C8.0,"04/02/2017, 02:51:00",2017-04-02T02:43:00-FLR-001,['None Found.'],"04/02/2017, 02:46:00",8e-06,"04/02/2017, 02:43:00"
M5.3,"04/02/2017, 08:13:00",2017-04-02T07:48:00-FLR-001,[{'activityID': '2017-04-02T09:09:00-CME-001'}],"04/02/2017, 08:02:00",5.3e-05,"04/02/2017, 07:48:00"
M2.3,"04/02/2017, 13:11:00",2017-04-02T12:54:00-FLR-001,['None Found.'],"04/02/2017, 13:00:00",2.3e-05,"04/02/2017, 12:54:00"
M2.1,"04/02/2017, 19:28:00",2017-04-02T18:18:00-FLR-001,[{'activityID': '2017-04-02T20:09:00-CME-001'}],"04/02/2017, 18:38:00",2.1000000000000002e-05,"04/02/2017, 18:18:00"
M5.7,"04/02/2017, 20:38:00",2017-04-02T20:28:00-FLR-001,['None Found.'],"04/02/2017, 20:33:00",5.7e-05,"04/02/2017, 20:28:00"
M1.2,"04/03/2017, 01:12:00",2017-04-03T00:54:00-FLR-001,[{'activityID': '2017-04-03T01:48:00-CME-001'}],"04/03/2017, 01:05:00",1.2e-05,"04/03/2017, 00:54:00"
M5.8,"04/03/2017, 14:34:00",2017-04-03T14:21:00-FLR-001,[{'activityID': '2017-04-03T15:36:00-CME-001'}],"04/03/2017, 14:29:00",5.8e-05,"04/03/2017, 14:21:00"
C3.3,Invalid format / no data.,2017-04-18T09:29:00-FLR-001,[{'activityID': '2017-04-18T10:00:00-CME-001'}],"04/18/2017, 09:41:00",3.2999999999999997e-06,"04/18/2017, 09:29:00"
C5.5,Invalid format / no data.,2017-04-18T19:15:00-FLR-001,"[{'activityID': '2017-04-18T19:48:00-CME-001'}, {'activityID': '2017-04-18T23:39:00-SEP-001'}]","04/18/2017, 20:10:00",5.5e-06,"04/18/2017, 19:15:00"
C8.0,Invalid format / no data.,2017-06-02T17:51:00-FLR-001,['None Found.'],"06/02/2017, 17:57:00",8e-06,"06/02/2017, 17:51:00"
B3.1,Invalid format / no data.,2017-07-02T12:15:00-FLR-001,[{'activityID': '2017-07-02T13:25:00-CME-001'}],"07/02/2017, 12:39:00",3.1e-07,"07/02/2017, 12:15:00"
M1.3,"07/03/2017, 16:18:00",2017-07-03T15:37:00-FLR-001,['None Found.'],"07/03/2017, 16:15:00",1.3000000000000001e-05,"07/03/2017, 15:37:00"
M1.3,"07/09/2017, 03:37:00",2017-07-09T03:09:00-FLR-001,['None Found.'],"07/09/2017, 03:18:00",1.3000000000000001e-05,"07/09/2017, 03:09:00"
C8.4,"07/13/2017, 20:11:00",2017-07-13T20:01:00-FLR-001,['None Found.'],"07/13/2017, 20:05:00",8.4e-06,"07/13/2017, 20:01:00"
M2.4,"07/14/2017, 03:24:00",2017-07-14T01:07:00-FLR-001,"[{'activityID': '2017-07-14T01:36:00-CME-001'}, {'activityID': '2017-07-14T09:00:00-SEP-001'}]","07/14/2017, 02:09:00",2.4e-05,"07/14/2017, 01:07:00"
C5.8,Invalid format / no data.,2017-07-15T19:21:00-FLR-001,[{'activityID': '2017-07-15T21:24:00-CME-001'}],"07/15/2017, 19:36:00",5.7999999999999995e-06,"07/15/2017, 19:21:00"
C1.0,"08/15/2017, 02:17:00",2017-08-15T02:08:00-FLR-001,['None Found.'],"08/15/2017, 02:15:00",1e-06,"08/15/2017, 02:08:00"
C1.1,"08/15/2017, 14:50:00",2017-08-15T12:20:00-FLR-001,[{'activityID': '2017-08-15T13:48:00-CME-001'}],"08/15/2017, 13:51:00",1.1e-06,"08/15/2017, 12:20:00"
C7.0,"08/19/2017, 22:22:00",2017-08-19T21:28:00-FLR-001,[{'activityID': '2017-08-19T23:09:00-CME-001'}],"08/19/2017, 21:55:00",7e-06,"08/19/2017, 21:28:00"
M1.2,"08/20/2017, 02:30:00",2017-08-20T01:36:00-FLR-001,['None Found.'],"08/20/2017, 01:52:00",1.2e-05,"08/20/2017, 01:36:00"
C7.7,"09/02/2017, 17:27:00",2017-09-02T15:23:00-FLR-001,[{'activityID': '2017-09-02T16:00:00-CME-001'}],"09/02/2017, 15:41:00",7.699999999999999e-06,"09/02/2017, 15:23:00"
M1.2,"09/04/2017, 06:05:00",2017-09-04T05:36:00-FLR-001,['None Found.'],"09/04/2017, 05:49:00",1.2e-05,"09/04/2017, 05:36:00"
M1.5,"09/04/2017, 15:33:00",2017-09-04T15:11:00-FLR-001,[{'activityID': '2017-09-04T19:39:00-CME-001'}],"09/04/2017, 15:30:00",1.5000000000000002e-05,"09/04/2017, 15:11:00"
M1.0,"09/04/2019, 18:31:00",2017-09-04T18:05:00-FLR-001,[{'activityID': '2017-09-04T19:39:00-CME-001'}],"09/04/2017, 18:22:00",1e-05,"09/04/2017, 18:05:00"
M1.7,"09/04/2017, 19:52:00",2017-09-04T18:46:00-FLR-001,['None Found.'],"09/04/2017, 19:37:00",1.7e-05,"09/04/2017, 18:46:00"
M1.5,"09/04/2017, 20:06:00",2017-09-04T19:59:00-FLR-001,['None Found.'],"09/04/2017, 20:02:00",1.5000000000000002e-05,"09/04/2017, 19:59:00"
M5.5,"09/04/2017, 20:37:00",2017-09-04T20:15:00-FLR-001,"[{'activityID': '2017-09-04T20:36:00-CME-001'}, {'activityID': '2017-09-04T22:56:00-SEP-001'}, {'activityID': '2017-09-04T23:52:00-SEP-001'}, {'activityID': '2017-09-05T00:30:00-SEP-001'}, {'activityID': '2017-09-06T23:45:00-SEP-001'}]","09/04/2017, 20:33:00",5.5e-05,"09/04/2017, 20:15:00"
M2.1,"09/04/2017, 22:19:00",2017-09-04T22:10:00-FLR-001,['None Found.'],"09/04/2017, 22:14:00",2.1000000000000002e-05,"09/04/2017, 22:10:00"
M4.2,"09/05/2017, 01:11:00",2017-09-05T01:04:00-FLR-001,['None Found.'],"09/05/2017, 01:08:00",4.2000000000000004e-05,"09/05/2017, 01:04:00"
M1.0,"09/05/2017, 04:04:00",2017-09-05T03:42:00-FLR-001,['None Found.'],"09/05/2017, 03:51:00",1e-05,"09/05/2017, 03:42:00"
M3.2,"09/05/2017, 05:07:00",2017-09-05T04:33:00-FLR-001,['None Found.'],"09/05/2017, 04:53:00",3.2000000000000005e-05,"09/05/2017, 04:33:00"
M3.8,"09/05/2017, 06:43:00",2017-09-05T06:34:00-FLR-001,['None Found.'],"09/05/2017, 06:40:00",3.8e-05,"09/05/2017, 06:34:00"
M2.3,"09/05/2017, 17:51:00",2017-09-05T17:37:00-FLR-001,['None Found.'],"09/05/2017, 17:43:00",2.3e-05,"09/05/2017, 17:37:00"
X2.2,"09/06/2017, 09:17:00",2017-09-06T08:57:00-FLR-001,['None Found.'],"09/06/2017, 09:10:00",0.00022000000000000003,"09/06/2017, 08:57:00"
X9.3,"09/06/2017, 12:10:00",2017-09-06T11:53:00-FLR-001,"[{'activityID': '2017-09-06T12:24:00-CME-001'}, {'activityID': '2017-09-06T23:30:00-SEP-001'}]","09/06/2017, 12:02:00",0.0009300000000000002,"09/06/2017, 11:53:00"
M2.5,"09/06/2017, 16:03:00",2017-09-06T15:51:00-FLR-001,['None Found.'],"09/06/2017, 15:56:00",2.5e-05,"09/06/2017, 15:51:00"
M1.4,"09/06/2017, 19:35:00",2017-09-06T19:20:00-FLR-001,['None Found.'],"09/06/2017, 19:30:00",1.4e-05,"09/06/2017, 19:20:00"
M1.2,"09/06/2017, 23:44:00",2017-09-06T23:33:00-FLR-001,['None Found.'],"09/06/2017, 23:39:00",1.2e-05,"09/06/2017, 23:33:00"
M2.4,"09/07/2017, 05:08:00",2017-09-07T05:00:00-FLR-001,['None Found.'],"09/07/2017, 05:02:00",2.4e-05,"09/07/2017, 05:00:00"
M1.4,"09/07/2017, 09:58:00",2017-09-07T09:50:00-FLR-001,['None Found.'],"09/07/2017, 09:54:00",1.4e-05,"09/07/2017, 09:50:00"
M7.3,"09/07/2017, 10:18:00",2017-09-07T10:11:00-FLR-001,[{'activityID': '2017-09-07T10:48:00-CME-001'}],"09/07/2017, 10:15:00",7.3e-05,"09/07/2017, 10:11:00"
X1.3,"09/07/2017, 14:55:00",2017-09-07T14:20:00-FLR-001,[{'activityID': '2017-09-07T15:12:00-CME-001'}],"09/07/2017, 14:36:00",0.00013000000000000002,"09/07/2017, 14:20:00"
M3.9,"09/08/2017, 00:14:00",2017-09-07T23:51:00-FLR-001,[{'activityID': '2017-09-07T23:36:00-CME-001'}],"09/07/2017, 23:59:00",3.9e-05,"09/07/2017, 23:51:00"
M1.3,"09/08/2017, 02:29:00",2017-09-08T02:19:00-FLR-001,['None Found.'],"09/08/2017, 02:24:00",1.3000000000000001e-05,"09/08/2017, 02:19:00"
M1.2,"09/08/2017, 03:46:00",2017-09-08T03:39:00-FLR-001,[{'activityID': '2017-09-08T04:17:00-CME-001'}],"09/08/2017, 03:43:00",1.2e-05,"09/08/2017, 03:39:00"
M8.1,"09/08/2017, 07:58:00",2017-09-08T07:40:00-FLR-001,[{'activityID': '2017-09-08T07:24:00-CME-001'}],"09/08/2017, 07:49:00",8.1e-05,"09/08/2017, 07:40:00"
M3.0,"09/08/2017, 16:04:00",2017-09-08T15:09:00-FLR-001,['None Found.'],"09/08/2017, 15:47:00",3.0000000000000004e-05,"09/08/2017, 15:09:00"
M2.1,"09/09/2017, 23:56:00",2017-09-08T23:34:00-FLR-001,['None Found.'],"09/08/2017, 23:45:00",2.1000000000000002e-05,"09/08/2017, 23:34:00"
M1.1,"09/09/2017, 04:43:00",2017-09-09T04:14:00-FLR-001,['None Found.'],"09/09/2017, 04:28:00",1.1000000000000001e-05,"09/09/2017, 04:14:00"
M3.7,"09/09/2017, 11:42:00",2017-09-09T10:51:00-FLR-001,['None Found.'],"09/09/2017, 11:04:00",3.7000000000000005e-05,"09/09/2017, 10:51:00"
M1.1,"09/10/2017, 00:41:00",2017-09-09T22:04:00-FLR-001,['None Found.'],"09/09/2017, 23:54:00",1.1000000000000001e-05,"09/09/2017, 22:04:00"
C9.0,"09/10/2017, 03:47:00",2017-09-10T02:39:00-FLR-001,['None Found.'],"09/10/2017, 03:09:00",9e-06,"09/10/2017, 02:39:00"
X8.2,"09/10/2017, 16:31:00",2017-09-10T15:35:00-FLR-001,"[{'activityID': '2017-09-10T16:09:00-CME-001'}, {'activityID': '2017-09-10T16:25:00-SEP-001'}, {'activityID': '2017-09-10T16:45:00-SEP-001'}, {'activityID': '2017-09-10T20:00:00-SEP-001'}]","09/10/2017, 16:06:00",0.00082,"09/10/2017, 15:35:00"
B9.8,"09/11/2017, 10:17:00",2017-09-11T10:08:00-FLR-001,['None Found.'],"09/11/2017, 10:10:00",9.8e-07,"09/11/2017, 10:08:00"
C3.0,"09/12/2017, 07:48:00",2017-09-12T07:23:00-FLR-001,"[{'activityID': '2017-09-12T08:09:00-CME-001'}, {'activityID': '2017-09-13T05:33:00-SEP-001'}]","09/12/2017, 07:29:00",3e-06,"09/12/2017, 07:23:00"
C1.6,"09/12/2017, 19:28:00",2017-09-12T19:03:00-FLR-001,[{'activityID': '2017-09-13T05:33:00-SEP-001'}],"09/12/2017, 19:20:00",1.6e-06,"09/12/2017, 19:03:00"
B1.4,"09/13/2017, 08:09:00",2017-09-13T07:39:00-FLR-001,['None Found.'],"09/13/2017, 07:48:00",1.3999999999999998e-07,"09/13/2017, 07:39:00"
B5.4,"09/20/2017, 13:00:00",2017-09-20T12:32:00-FLR-001,['None Found.'],"09/20/2017, 12:43:00",5.4e-07,"09/20/2017, 12:32:00"
B8.4,"09/20/2017, 19:49:00",2017-09-20T19:28:00-FLR-001,['None Found.'],"09/20/2017, 19:32:00",8.4e-07,"09/20/2017, 19:28:00"
C1.8,"09/26/2017, 02:43:00",2017-09-26T02:31:00-FLR-001,['None Found.'],"09/26/2017, 02:34:00",1.8e-06,"09/26/2017, 02:31:00"
C1.7,"09/27/2017, 01:16:00",2017-09-27T00:49:00-FLR-001,['None Found.'],"09/27/2017, 01:00:00",1.6999999999999998e-06,"09/27/2017, 00:49:00"
M1.1,"10/21/2017, 23:37:00",2017-10-20T23:10:00-FLR-001,[{'activityID': '2017-10-21T00:12:00-CME-001'}],"10/20/2017, 23:28:00",1.1000000000000001e-05,"10/20/2017, 23:10:00"
C1.1,"02/04/2018, 20:46:00",2018-02-04T20:18:00-FLR-001,['None Found.'],"02/04/2018, 20:24:00",1.1e-06,"02/04/2018, 20:18:00"
C1.5,"02/12/2018, 03:21:00",2018-02-12T00:15:00-FLR-001,[{'activityID': '2018-02-12T01:25:00-CME-001'}],"02/12/2018, 01:35:00",1.5e-06,"02/12/2018, 00:15:00"
C4.6,"03/30/2018, 08:08:00",2018-03-30T07:57:00-FLR-001,[{'activityID': '2018-03-30T08:48:00-CME-001'}],"03/30/2018, 08:04:00",4.599999999999999e-06,"03/30/2018, 07:57:00"
C3.3,"05/28/2018, 17:40:00",2018-05-28T17:06:00-FLR-001,['None Found.'],"05/28/2018, 17:14:00",3.2999999999999997e-06,"05/28/2018, 17:06:00"
C5.0,Invalid format / no data.,2019-01-26T13:13:00-FLR-001,['None Found.'],"01/26/2019, 13:22:00",4.9999999999999996e-06,"01/26/2019, 13:13:00"
C5.2,Invalid format / no data.,2019-01-30T05:57:00-FLR-001,['None Found.'],"01/30/2019, 06:11:00",5.2e-06,"01/30/2019, 05:57:00"
C1.3,Invalid format / no data.,2019-03-08T03:07:00-FLR-001,[{'activityID': '2019-03-08T04:17:00-CME-001'}],"03/08/2019, 03:18:00",1.3e-06,"03/08/2019, 03:07:00"
B6.1,Invalid format / no data.,2019-03-20T07:05:00-FLR-001,[{'activityID': '2019-03-20T08:24:00-CME-001'}],"03/20/2019, 07:14:00",6.1e-07,"03/20/2019, 07:05:00"
C4.8,Invalid format / no data.,2019-03-20T10:35:00-FLR-001,[{'activityID': '2019-03-20T08:24:00-CME-001'}],"03/20/2019, 11:18:00",4.8e-06,"03/20/2019, 10:35:00"
C5.6,Invalid format / no data.,2019-03-21T03:08:00-FLR-001,['None Found.'],"03/21/2019, 03:12:00",5.6e-06,"03/21/2019, 03:08:00"
C9.9,Invalid format / no data.,2019-05-06T05:04:00-FLR-001,['None Found.'],"05/06/2019, 05:10:00",9.9e-06,"05/06/2019, 05:04:00"
