,Year,Month,Day,Total,North,South
51014,2014,1,1,686.0,28.0,658.0
51015,2014,1,2,854.0,28.0,826.0
51016,2014,1,3,1974.0,56.0,1918.0
51017,2014,1,4,2198.0,56.0,2142.0
51018,2014,1,5,2394.0,70.0,2324.0
51019,2014,1,6,2506.0,154.0,2352.0
51020,2014,1,7,2597.0,364.0,2233.0
51021,2014,1,8,2590.0,420.0,2170.0
51022,2014,1,9,2786.0,490.0,2296.0
51023,2014,1,10,2744.0,546.0,2198.0
51024,2014,1,11,2758.0,658.0,2100.0
51025,2014,1,12,2520.0,420.0,2100.0
51026,2014,1,13,2268.0,280.0,1988.0
51027,2014,1,14,1890.0,252.0,1638.0
51028,2014,1,15,672.0,126.0,546.0
51029,2014,1,16,630.0,168.0,462.0
51030,2014,1,17,462.0,84.0,378.0
51031,2014,1,18,504.0,98.0,406.0
51032,2014,1,19,700.0,56.0,644.0
51033,2014,1,20,742.0,42.0,700.0
51034,2014,1,21,868.0,42.0,826.0
51035,2014,1,22,1148.0,84.0,1064.0
51036,2014,1,23,938.0,126.0,812.0
51037,2014,1,24,784.0,112.0,672.0
51038,2014,1,25,952.0,238.0,714.0
51039,2014,1,26,728.0,98.0,630.0
51040,2014,1,27,644.0,42.0,602.0
51041,2014,1,28,686.0,84.0,602.0
51042,2014,1,29,1274.0,140.0,1134.0
51043,2014,1,30,1918.0,294.0,1624.0
51044,2014,1,31,2058.0,224.0,1834.0
51045,2014,2,1,1694.0,294.0,1400.0
51046,2014,2,2,2296.0,308.0,1988.0
51047,2014,2,3,2646.0,420.0,2226.0
51048,2014,2,4,2618.0,448.0,2170.0
51049,2014,2,5,2758.0,462.0,2296.0
51050,2014,2,6,2912.0,644.0,2268.0
51051,2014,2,7,3682.0,1078.0,2604.0
51052,2014,2,8,3178.0,952.0,2226.0
51053,2014,2,9,2478.0,770.0,1708.0
51054,2014,2,10,2464.0,728.0,1736.0
51055,2014,2,11,1316.0,140.0,1176.0
51056,2014,2,12,1540.0,140.0,1400.0
51057,2014,2,13,1764.0,126.0,1638.0
51058,2014,2,14,2394.0,84.0,2310.0
51059,2014,2,15,2499.0,42.0,2457.0
51060,2014,2,16,1974.0,14.0,1960.0
51061,2014,2,17,1974.0,14.0,1960.0
51062,2014,2,18,1526.0,0.0,1526.0
51063,2014,2,19,1820.0,0.0,1820.0
51064,2014,2,20,1316.0,14.0,1302.0
51065,2014,2,21,1232.0,28.0,1204.0
51066,2014,2,22,1218.0,56.0,1162.0
51067,2014,2,23,1428.0,56.0,1372.0
51068,2014,2,24,1554.0,98.0,1456.0
51069,2014,2,25,1750.0,168.0,1582.0
51070,2014,2,26,1274.0,140.0,1134.0
51071,2014,2,27,1484.0,70.0,1414.0
51072,2014,2,28,1638.0,112.0,1526.0
51073,2014,3,1,1708.0,70.0,1638.0
51074,2014,3,2,1484.0,168.0,1316.0
51075,2014,3,3,1344.0,182.0,1162.0
51076,2014,3,4,1302.0,210.0,1092.0
51077,2014,3,5,1064.0,252.0,812.0
51078,2014,3,6,1288.0,280.0,1008.0
51079,2014,3,7,742.0,98.0,644.0
51080,2014,3,8,1036.0,252.0,784.0
51081,2014,3,9,686.0,182.0,504.0
51082,2014,3,10,476.0,168.0,308.0
51083,2014,3,11,686.0,350.0,336.0
51084,2014,3,12,756.0,364.0,392.0
51085,2014,3,13,1246.0,630.0,616.0
51086,2014,3,14,1190.0,574.0,616.0
51087,2014,3,15,1050.0,546.0,504.0
51088,2014,3,16,1204.0,728.0,476.0
51089,2014,3,17,1302.0,840.0,462.0
51090,2014,3,18,742.0,378.0,364.0
51091,2014,3,19,728.0,406.0,322.0
51092,2014,3,20,882.0,392.0,490.0
51093,2014,3,21,1232.0,392.0,840.0
51094,2014,3,22,1134.0,322.0,812.0
51095,2014,3,23,1372.0,350.0,1022.0
51096,2014,3,24,1246.0,392.0,854.0
51097,2014,3,25,1036.0,322.0,714.0
51098,2014,3,26,910.0,238.0,672.0
51099,2014,3,27,728.0,210.0,518.0
51100,2014,3,28,868.0,322.0,546.0
51101,2014,3,29,952.0,336.0,616.0
51102,2014,3,30,658.0,238.0,420.0
51103,2014,3,31,770.0,238.0,532.0
51104,2014,4,1,882.0,238.0,644.0
51105,2014,4,2,756.0,224.0,532.0
51106,2014,4,3,1036.0,238.0,798.0
51107,2014,4,4,1120.0,322.0,798.0
51108,2014,4,5,1470.0,462.0,1008.0
51109,2014,4,6,1302.0,490.0,812.0
51110,2014,4,7,784.0,504.0,280.0
51111,2014,4,8,588.0,378.0,210.0
51112,2014,4,9,616.0,504.0,112.0
51113,2014,4,10,602.0,560.0,42.0
51114,2014,4,11,588.0,574.0,14.0
51115,2014,4,12,924.0,700.0,224.0
51116,2014,4,13,994.0,728.0,266.0
51117,2014,4,14,1036.0,686.0,350.0
51118,2014,4,15,1106.0,602.0,504.0
51119,2014,4,16,1344.0,602.0,742.0
51120,2014,4,17,2072.0,742.0,1330.0
51121,2014,4,18,2324.0,1022.0,1302.0
51122,2014,4,19,2576.0,1288.0,1288.0
51123,2014,4,20,2450.0,1274.0,1176.0
51124,2014,4,21,1512.0,700.0,812.0
51125,2014,4,22,1484.0,588.0,896.0
51126,2014,4,23,1064.0,350.0,714.0
51127,2014,4,24,1134.0,252.0,882.0
51128,2014,4,25,630.0,224.0,406.0
51129,2014,4,26,546.0,196.0,350.0
51130,2014,4,27,294.0,168.0,126.0
51131,2014,4,28,728.0,266.0,462.0
51132,2014,4,29,868.0,154.0,714.0
51133,2014,4,30,798.0,126.0,672.0
51134,2014,5,1,756.0,112.0,644.0
51135,2014,5,2,910.0,42.0,868.0
51136,2014,5,3,1400.0,56.0,1344.0
51137,2014,5,4,1484.0,42.0,1442.0
51138,2014,5,5,1092.0,56.0,1036.0
51139,2014,5,6,1246.0,378.0,868.0
51140,2014,5,7,1582.0,798.0,784.0
51141,2014,5,8,1414.0,1134.0,280.0
51142,2014,5,9,1652.0,1260.0,392.0
51143,2014,5,10,1848.0,1554.0,294.0
51144,2014,5,11,1512.0,1288.0,224.0
51145,2014,5,12,1470.0,1148.0,322.0
51146,2014,5,13,1596.0,1050.0,546.0
51147,2014,5,14,1232.0,770.0,462.0
51148,2014,5,15,1400.0,952.0,448.0
51149,2014,5,16,1260.0,868.0,392.0
51150,2014,5,17,1078.0,672.0,406.0
51151,2014,5,18,812.0,378.0,434.0
51152,2014,5,19,658.0,196.0,462.0
51153,2014,5,20,476.0,56.0,420.0
51154,2014,5,21,322.0,14.0,308.0
51155,2014,5,22,518.0,0.0,518.0
51156,2014,5,23,392.0,0.0,392.0
51157,2014,5,24,448.0,0.0,448.0
51158,2014,5,25,616.0,0.0,616.0
51159,2014,5,26,784.0,0.0,784.0
51160,2014,5,27,714.0,0.0,714.0
51161,2014,5,28,294.0,0.0,294.0
51162,2014,5,29,210.0,0.0,210.0
51163,2014,5,30,140.0,0.0,140.0
51164,2014,5,31,154.0,0.0,154.0
51165,2014,6,1,182.0,0.0,182.0
51166,2014,6,2,364.0,168.0,196.0
51167,2014,6,3,294.0,140.0,154.0
51168,2014,6,4,280.0,126.0,154.0
51169,2014,6,5,308.0,140.0,168.0
51170,2014,6,6,462.0,182.0,280.0
51171,2014,6,7,770.0,364.0,406.0
51172,2014,6,8,1330.0,588.0,742.0
51173,2014,6,9,1582.0,560.0,1022.0
51174,2014,6,10,2114.0,462.0,1652.0
51175,2014,6,11,1736.0,462.0,1274.0
51176,2014,6,12,2086.0,616.0,1470.0
51177,2014,6,13,2226.0,630.0,1596.0
51178,2014,6,14,2520.0,798.0,1722.0
51179,2014,6,15,1568.0,504.0,1064.0
51180,2014,6,16,700.0,476.0,224.0
51181,2014,6,17,882.0,546.0,336.0
51182,2014,6,18,952.0,518.0,434.0
51183,2014,6,19,966.0,532.0,434.0
51184,2014,6,20,742.0,322.0,420.0
51185,2014,6,21,476.0,126.0,350.0
51186,2014,6,22,392.0,84.0,308.0
51187,2014,6,23,448.0,238.0,210.0
51188,2014,6,24,238.0,196.0,42.0
51189,2014,6,25,182.0,154.0,28.0
51190,2014,6,26,336.0,238.0,98.0
51191,2014,6,27,336.0,168.0,168.0
51192,2014,6,28,210.0,140.0,70.0
51193,2014,6,29,322.0,182.0,140.0
51194,2014,6,30,924.0,196.0,728.0
51195,2014,7,1,1050.0,196.0,854.0
51196,2014,7,2,1190.0,196.0,994.0
51197,2014,7,3,1764.0,280.0,1484.0
51198,2014,7,4,2002.0,294.0,1708.0
51199,2014,7,5,2562.0,434.0,2128.0
51200,2014,7,6,2926.0,336.0,2590.0
51201,2014,7,7,3122.0,364.0,2758.0
51202,2014,7,8,2772.0,308.0,2464.0
51203,2014,7,9,3192.0,322.0,2870.0
51204,2014,7,10,3122.0,406.0,2716.0
51205,2014,7,11,2506.0,266.0,2240.0
51206,2014,7,12,2086.0,182.0,1904.0
51207,2014,7,13,1988.0,168.0,1820.0
51208,2014,7,14,924.0,140.0,784.0
51209,2014,7,15,518.0,84.0,434.0
51210,2014,7,16,28.0,14.0,14.0
51211,2014,7,17,14.0,14.0,0.0
51212,2014,7,18,0.0,0.0,0.0
51213,2014,7,19,42.0,28.0,14.0
51214,2014,7,20,42.0,14.0,28.0
51215,2014,7,21,84.0,28.0,56.0
51216,2014,7,22,98.0,0.0,98.0
51217,2014,7,23,252.0,126.0,126.0
51218,2014,7,24,252.0,168.0,84.0
51219,2014,7,25,392.0,294.0,98.0
51220,2014,7,26,308.0,224.0,84.0
51221,2014,7,27,336.0,210.0,126.0
51222,2014,7,28,532.0,182.0,350.0
51223,2014,7,29,756.0,154.0,602.0
51224,2014,7,30,1246.0,210.0,1036.0
51225,2014,7,31,1260.0,140.0,1120.0
51226,2014,8,1,1204.0,126.0,1078.0
51227,2014,8,2,1246.0,56.0,1190.0
51228,2014,8,3,1190.0,168.0,1022.0
51229,2014,8,4,952.0,238.0,714.0
51230,2014,8,5,756.0,238.0,518.0
51231,2014,8,6,630.0,238.0,392.0
51232,2014,8,7,672.0,238.0,434.0
51233,2014,8,8,798.0,420.0,378.0
51234,2014,8,9,798.0,462.0,336.0
51235,2014,8,10,644.0,364.0,280.0
51236,2014,8,11,448.0,322.0,126.0
51237,2014,8,12,560.0,518.0,42.0
51238,2014,8,13,476.0,462.0,14.0
51239,2014,8,14,406.0,392.0,14.0
51240,2014,8,15,476.0,420.0,56.0
51241,2014,8,16,588.0,462.0,126.0
51242,2014,8,17,700.0,504.0,196.0
51243,2014,8,18,896.0,490.0,406.0
51244,2014,8,19,714.0,350.0,364.0
51245,2014,8,20,644.0,392.0,252.0
51246,2014,8,21,448.0,322.0,126.0
51247,2014,8,22,630.0,518.0,112.0
51248,2014,8,23,924.0,714.0,210.0
51249,2014,8,24,1120.0,630.0,490.0
51250,2014,8,25,1246.0,826.0,420.0
51251,2014,8,26,1134.0,770.0,364.0
51252,2014,8,27,994.0,700.0,294.0
51253,2014,8,28,938.0,574.0,364.0
51254,2014,8,29,854.0,532.0,322.0
51255,2014,8,30,658.0,336.0,322.0
51256,2014,8,31,784.0,392.0,392.0
51257,2014,9,1,952.0,392.0,560.0
51258,2014,9,2,896.0,322.0,574.0
51259,2014,9,3,910.0,238.0,672.0
51260,2014,9,4,784.0,0.0,784.0
51261,2014,9,5,1484.0,154.0,1330.0
51262,2014,9,6,1890.0,420.0,1470.0
51263,2014,9,7,1932.0,448.0,1484.0
51264,2014,9,8,1694.0,546.0,1148.0
51265,2014,9,9,1554.0,546.0,1008.0
51266,2014,9,10,1568.0,630.0,938.0
51267,2014,9,11,1498.0,616.0,882.0
51268,2014,9,12,1218.0,630.0,588.0
51269,2014,9,13,1106.0,602.0,504.0
51270,2014,9,14,770.0,294.0,476.0
51271,2014,9,15,770.0,378.0,392.0
51272,2014,9,16,490.0,294.0,196.0
51273,2014,9,17,406.0,196.0,210.0
51274,2014,9,18,462.0,336.0,126.0
51275,2014,9,19,322.0,168.0,154.0
51276,2014,9,20,350.0,126.0,224.0
51277,2014,9,21,420.0,112.0,308.0
51278,2014,9,22,826.0,126.0,700.0
51279,2014,9,23,938.0,112.0,826.0
51280,2014,9,24,1162.0,140.0,1022.0
51281,2014,9,25,826.0,98.0,728.0
51282,2014,9,26,966.0,196.0,770.0
51283,2014,9,27,1428.0,476.0,952.0
51284,2014,9,28,1652.0,658.0,994.0
51285,2014,9,29,1918.0,714.0,1204.0
51286,2014,9,30,2184.0,994.0,1190.0
51287,2014,10,1,1750.0,882.0,868.0
51288,2014,10,2,1078.0,336.0,742.0
51289,2014,10,3,602.0,84.0,518.0
51290,2014,10,4,434.0,84.0,350.0
51291,2014,10,5,518.0,84.0,434.0
51292,2014,10,6,462.0,56.0,406.0
51293,2014,10,7,420.0,14.0,406.0
51294,2014,10,8,406.0,0.0,406.0
51295,2014,10,9,448.0,0.0,448.0
51296,2014,10,10,616.0,0.0,616.0
51297,2014,10,11,490.0,0.0,490.0
51298,2014,10,12,546.0,0.0,546.0
51299,2014,10,13,448.0,0.0,448.0
51300,2014,10,14,560.0,14.0,546.0
51301,2014,10,15,588.0,28.0,560.0
51302,2014,10,16,560.0,56.0,504.0
51303,2014,10,17,588.0,28.0,560.0
51304,2014,10,18,868.0,0.0,868.0
51305,2014,10,19,2184.0,0.0,2184.0
51306,2014,10,20,2590.0,42.0,2548.0
51307,2014,10,21,3402.0,112.0,3290.0
51308,2014,10,22,3906.0,112.0,3794.0
51309,2014,10,23,4368.0,252.0,4116.0
51310,2014,10,24,4326.0,238.0,4088.0
51311,2014,10,25,3948.0,196.0,3752.0
51312,2014,10,26,3934.0,224.0,3710.0
51313,2014,10,27,4228.0,224.0,4004.0
51314,2014,10,28,3542.0,112.0,3430.0
51315,2014,10,29,3906.0,70.0,3836.0
51316,2014,10,30,2282.0,70.0,2212.0
51317,2014,10,31,784.0,84.0,700.0
51318,2014,11,1,238.0,98.0,140.0
51319,2014,11,2,252.0,168.0,84.0
51320,2014,11,3,434.0,350.0,84.0
51321,2014,11,4,462.0,392.0,70.0
51322,2014,11,5,420.0,336.0,84.0
51323,2014,11,6,658.0,490.0,168.0
51324,2014,11,7,812.0,700.0,112.0
51325,2014,11,8,714.0,616.0,98.0
51326,2014,11,9,560.0,476.0,84.0
51327,2014,11,10,588.0,490.0,98.0
51328,2014,11,11,574.0,392.0,182.0
51329,2014,11,12,462.0,322.0,140.0
51330,2014,11,13,518.0,210.0,308.0
51331,2014,11,14,420.0,224.0,196.0
51332,2014,11,15,1344.0,210.0,1134.0
51333,2014,11,16,1344.0,126.0,1218.0
51334,2014,11,17,1456.0,42.0,1414.0
51335,2014,11,18,1470.0,14.0,1456.0
51336,2014,11,19,1596.0,14.0,1582.0
51337,2014,11,20,1358.0,0.0,1358.0
51338,2014,11,21,1904.0,14.0,1890.0
51339,2014,11,22,2170.0,0.0,2170.0
51340,2014,11,23,2226.0,0.0,2226.0
51341,2014,11,24,2534.0,0.0,2534.0
51342,2014,11,25,2898.0,182.0,2716.0
51343,2014,11,26,2884.0,224.0,2660.0
51344,2014,11,27,1316.0,280.0,1036.0
51345,2014,11,28,1358.0,714.0,644.0
51346,2014,11,29,1708.0,840.0,868.0
51347,2014,11,30,1890.0,840.0,1050.0
51348,2014,12,1,2156.0,854.0,1302.0
51349,2014,12,2,1932.0,532.0,1400.0
51350,2014,12,3,1806.0,490.0,1316.0
51351,2014,12,4,1526.0,224.0,1302.0
51352,2014,12,5,1526.0,238.0,1288.0
51353,2014,12,6,1148.0,168.0,980.0
51354,2014,12,7,1232.0,126.0,1106.0
51355,2014,12,8,1204.0,112.0,1092.0
51356,2014,12,9,1204.0,252.0,952.0
51357,2014,12,10,714.0,350.0,364.0
51358,2014,12,11,938.0,392.0,546.0
51359,2014,12,12,1092.0,378.0,714.0
51360,2014,12,13,1190.0,490.0,700.0
51361,2014,12,14,1246.0,462.0,784.0
51362,2014,12,15,1428.0,546.0,882.0
51363,2014,12,16,1722.0,518.0,1204.0
51364,2014,12,17,2142.0,504.0,1638.0
51365,2014,12,18,2184.0,392.0,1792.0
51366,2014,12,19,2618.0,266.0,2352.0
51367,2014,12,20,2912.0,280.0,2632.0
51368,2014,12,21,2450.0,252.0,2198.0
51369,2014,12,22,2226.0,266.0,1960.0
51370,2014,12,23,1862.0,280.0,1582.0
51371,2014,12,24,1442.0,238.0,1204.0
51372,2014,12,25,672.0,126.0,546.0
51373,2014,12,26,644.0,98.0,546.0
51374,2014,12,27,392.0,98.0,294.0
51375,2014,12,28,812.0,140.0,672.0
51376,2014,12,29,728.0,140.0,588.0
51377,2014,12,30,784.0,126.0,658.0
51378,2014,12,31,714.0,126.0,588.0
51379,2015,1,1,994.0,98.0,896.0
51380,2015,1,2,1218.0,70.0,1148.0
51381,2015,1,3,1750.0,126.0,1624.0
51382,2015,1,4,1820.0,0.0,1820.0
51383,2015,1,5,1708.0,0.0,1708.0
51384,2015,1,6,1288.0,0.0,1288.0
51385,2015,1,7,952.0,70.0,882.0
51386,2015,1,8,686.0,182.0,504.0
51387,2015,1,9,770.0,280.0,490.0
51388,2015,1,10,1372.0,770.0,602.0
51389,2015,1,11,1316.0,756.0,560.0
51390,2015,1,12,1372.0,686.0,686.0
51391,2015,1,13,1330.0,644.0,686.0
51392,2015,1,14,1176.0,476.0,700.0
51393,2015,1,15,798.0,266.0,532.0
51394,2015,1,16,378.0,126.0,252.0
51395,2015,1,17,308.0,98.0,210.0
51396,2015,1,18,168.0,14.0,154.0
51397,2015,1,19,210.0,14.0,196.0
51398,2015,1,20,350.0,42.0,308.0
51399,2015,1,21,294.0,42.0,252.0
51400,2015,1,22,224.0,28.0,196.0
51401,2015,1,23,518.0,28.0,490.0
51402,2015,1,24,742.0,28.0,714.0
51403,2015,1,25,756.0,28.0,728.0
51404,2015,1,26,644.0,70.0,574.0
51405,2015,1,27,812.0,168.0,644.0
51406,2015,1,28,1176.0,252.0,924.0
51407,2015,1,29,1190.0,322.0,868.0
51408,2015,1,30,1624.0,630.0,994.0
51409,2015,1,31,2030.0,1064.0,966.0
51410,2015,2,1,1848.0,1008.0,840.0
51411,2015,2,2,1442.0,896.0,546.0
51412,2015,2,3,952.0,574.0,378.0
51413,2015,2,4,1162.0,700.0,462.0
51414,2015,2,5,980.0,756.0,224.0
51415,2015,2,6,784.0,112.0,672.0
51416,2015,2,7,616.0,392.0,224.0
51417,2015,2,8,672.0,420.0,252.0
51418,2015,2,9,714.0,420.0,294.0
51419,2015,2,10,658.0,294.0,364.0
51420,2015,2,11,854.0,434.0,420.0
51421,2015,2,12,714.0,378.0,336.0
51422,2015,2,13,560.0,364.0,196.0
51423,2015,2,14,406.0,364.0,42.0
51424,2015,2,15,350.0,350.0,0.0
51425,2015,2,16,336.0,308.0,28.0
51426,2015,2,17,308.0,294.0,14.0
51427,2015,2,18,252.0,238.0,14.0
51428,2015,2,19,350.0,252.0,98.0
51429,2015,2,20,336.0,238.0,98.0
51430,2015,2,21,140.0,70.0,70.0
51431,2015,2,22,154.0,84.0,70.0
51432,2015,2,23,98.0,84.0,14.0
51433,2015,2,24,112.0,98.0,14.0
51434,2015,2,25,168.0,140.0,28.0
51435,2015,2,26,140.0,112.0,28.0
51436,2015,2,27,98.0,84.0,14.0
51437,2015,2,28,280.0,168.0,112.0
51438,2015,3,1,308.0,168.0,140.0
51439,2015,3,2,294.0,168.0,126.0
51440,2015,3,3,238.0,126.0,112.0
51441,2015,3,4,196.0,70.0,126.0
51442,2015,3,5,350.0,98.0,252.0
51443,2015,3,6,105.0,91.0,14.0
51444,2015,3,7,70.0,14.0,56.0
51445,2015,3,8,252.0,0.0,252.0
51446,2015,3,9,364.0,0.0,364.0
51447,2015,3,10,364.0,0.0,364.0
51448,2015,3,11,392.0,0.0,392.0
51449,2015,3,12,504.0,0.0,504.0
51450,2015,3,13,504.0,0.0,504.0
51451,2015,3,14,658.0,14.0,644.0
51452,2015,3,15,490.0,0.0,490.0
51453,2015,3,16,546.0,0.0,546.0
51454,2015,3,17,546.0,0.0,546.0
51455,2015,3,18,1134.0,574.0,560.0
51456,2015,3,19,658.0,252.0,406.0
51457,2015,3,20,588.0,224.0,364.0
51458,2015,3,21,168.0,168.0,0.0
51459,2015,3,22,364.0,168.0,196.0
51460,2015,3,23,532.0,182.0,350.0
51461,2015,3,24,756.0,294.0,462.0
51462,2015,3,25,812.0,322.0,490.0
51463,2015,3,26,910.0,322.0,588.0
51464,2015,3,27,826.0,210.0,616.0
51465,2015,3,28,840.0,224.0,616.0
51466,2015,3,29,812.0,224.0,588.0
51467,2015,3,30,630.0,84.0,546.0
51468,2015,3,31,686.0,14.0,672.0
51469,2015,4,1,490.0,14.0,476.0
51470,2015,4,2,728.0,56.0,672.0
51471,2015,4,3,392.0,84.0,308.0
51472,2015,4,4,98.0,98.0,0.0
51473,2015,4,5,182.0,112.0,70.0
51474,2015,4,6,322.0,112.0,210.0
51475,2015,4,7,308.0,98.0,210.0
51476,2015,4,8,392.0,140.0,252.0
51477,2015,4,9,238.0,42.0,196.0
51478,2015,4,10,210.0,14.0,196.0
51479,2015,4,11,196.0,14.0,182.0
51480,2015,4,12,462.0,322.0,140.0
51481,2015,4,13,1008.0,896.0,112.0
51482,2015,4,14,1036.0,910.0,126.0
51483,2015,4,15,1806.0,1624.0,182.0
51484,2015,4,16,1610.0,1568.0,42.0
51485,2015,4,17,1288.0,1288.0,0.0
51486,2015,4,18,1232.0,1036.0,196.0
51487,2015,4,19,1218.0,1008.0,210.0
51488,2015,4,20,1232.0,966.0,266.0
51489,2015,4,21,1050.0,840.0,210.0
51490,2015,4,22,938.0,686.0,252.0
51491,2015,4,23,882.0,602.0,280.0
51492,2015,4,24,882.0,616.0,266.0
51493,2015,4,25,672.0,336.0,336.0
51494,2015,4,26,770.0,350.0,420.0
51495,2015,4,27,742.0,322.0,420.0
51496,2015,4,28,336.0,14.0,322.0
51497,2015,4,29,336.0,14.0,322.0
51498,2015,4,30,42.0,14.0,28.0
51499,2015,5,1,70.0,0.0,70.0
51500,2015,5,2,98.0,0.0,98.0
51501,2015,5,3,308.0,0.0,308.0
51502,2015,5,4,280.0,28.0,252.0
51503,2015,5,5,518.0,70.0,448.0
51504,2015,5,6,910.0,504.0,406.0
51505,2015,5,7,1316.0,994.0,322.0
51506,2015,5,8,1512.0,1092.0,420.0
51507,2015,5,9,1722.0,1344.0,378.0
51508,2015,5,10,1484.0,1246.0,238.0
51509,2015,5,11,1484.0,1218.0,266.0
51510,2015,5,12,1582.0,1204.0,378.0
51511,2015,5,13,1274.0,1022.0,252.0
51512,2015,5,14,826.0,560.0,266.0
51513,2015,5,15,1050.0,672.0,378.0
51514,2015,5,16,896.0,532.0,364.0
51515,2015,5,17,826.0,518.0,308.0
51516,2015,5,18,714.0,448.0,266.0
51517,2015,5,19,476.0,196.0,280.0
51518,2015,5,20,308.0,140.0,168.0
51519,2015,5,21,182.0,42.0,140.0
51520,2015,5,22,98.0,0.0,98.0
51521,2015,5,23,224.0,112.0,112.0
51522,2015,5,24,210.0,84.0,126.0
51523,2015,5,25,252.0,84.0,168.0
51524,2015,5,26,252.0,98.0,154.0
51525,2015,5,27,140.0,42.0,98.0
51526,2015,5,28,56.0,42.0,14.0
51527,2015,5,29,84.0,0.0,84.0
51528,2015,5,30,98.0,14.0,84.0
51529,2015,5,31,126.0,28.0,98.0
51530,2015,6,1,196.0,14.0,182.0
51531,2015,6,2,140.0,0.0,140.0
51532,2015,6,3,154.0,0.0,154.0
51533,2015,6,4,196.0,70.0,126.0
51534,2015,6,5,476.0,378.0,98.0
51535,2015,6,6,588.0,462.0,126.0
51536,2015,6,7,812.0,588.0,224.0
51537,2015,6,8,784.0,546.0,238.0
51538,2015,6,9,588.0,434.0,154.0
51539,2015,6,10,490.0,392.0,98.0
51540,2015,6,11,350.0,252.0,98.0
51541,2015,6,12,448.0,266.0,182.0
51542,2015,6,13,882.0,406.0,476.0
51543,2015,6,14,854.0,308.0,546.0
51544,2015,6,15,770.0,140.0,630.0
51545,2015,6,16,728.0,42.0,686.0
51546,2015,6,17,952.0,364.0,588.0
51547,2015,6,18,1316.0,756.0,560.0
51548,2015,6,19,1568.0,1148.0,420.0
51549,2015,6,20,1848.0,1428.0,420.0
51550,2015,6,21,1974.0,1568.0,406.0
51551,2015,6,22,1974.0,1652.0,322.0
51552,2015,6,23,1848.0,1512.0,336.0
51553,2015,6,24,1498.0,1330.0,168.0
51554,2015,6,25,1036.0,1036.0,0.0
51555,2015,6,26,812.0,812.0,0.0
51556,2015,6,27,770.0,770.0,0.0
51557,2015,6,28,602.0,602.0,0.0
51558,2015,6,29,308.0,308.0,0.0
51559,2015,6,30,252.0,182.0,70.0
51560,2015,7,1,378.0,280.0,98.0
51561,2015,7,2,532.0,420.0,112.0
51562,2015,7,3,476.0,350.0,126.0
51563,2015,7,4,476.0,294.0,182.0
51564,2015,7,5,546.0,322.0,224.0
51565,2015,7,6,588.0,336.0,252.0
51566,2015,7,7,882.0,672.0,210.0
51567,2015,7,8,980.0,784.0,196.0
51568,2015,7,9,1176.0,840.0,336.0
51569,2015,7,10,1148.0,770.0,378.0
51570,2015,7,11,994.0,644.0,350.0
51571,2015,7,12,1022.0,686.0,336.0
51572,2015,7,13,1050.0,812.0,238.0
51573,2015,7,14,826.0,588.0,238.0
51574,2015,7,15,742.0,532.0,210.0
51575,2015,7,16,392.0,224.0,168.0
51576,2015,7,17,294.0,168.0,126.0
51577,2015,7,18,266.0,154.0,112.0
51578,2015,7,19,434.0,308.0,126.0
51579,2015,7,20,308.0,224.0,84.0
51580,2015,7,21,224.0,224.0,0.0
51581,2015,7,22,210.0,210.0,0.0
51582,2015,7,23,126.0,126.0,0.0
51583,2015,7,24,56.0,56.0,0.0
51584,2015,7,25,98.0,42.0,56.0
51585,2015,7,26,182.0,0.0,182.0
51586,2015,7,27,266.0,0.0,266.0
51587,2015,7,28,336.0,56.0,280.0
51588,2015,7,29,294.0,70.0,224.0
51589,2015,7,30,280.0,84.0,196.0
51590,2015,7,31,378.0,266.0,112.0
51591,2015,8,1,504.0,364.0,140.0
51592,2015,8,2,406.0,294.0,112.0
51593,2015,8,3,322.0,252.0,70.0
51594,2015,8,4,253.4,239.4,14.0
51595,2015,8,5,378.0,266.0,112.0
51596,2015,8,6,630.0,238.0,392.0
51597,2015,8,7,980.0,196.0,784.0
51598,2015,8,8,1190.0,182.0,1008.0
51599,2015,8,9,1288.0,154.0,1134.0
51600,2015,8,10,1260.0,84.0,1176.0
51601,2015,8,11,1106.0,70.0,1036.0
51602,2015,8,12,1078.0,70.0,1008.0
51603,2015,8,13,826.0,28.0,798.0
51604,2015,8,14,406.0,70.0,336.0
51605,2015,8,15,224.0,70.0,154.0
51606,2015,8,16,84.0,42.0,42.0
51607,2015,8,17,112.0,14.0,98.0
51608,2015,8,18,42.0,0.0,42.0
51609,2015,8,19,154.0,14.0,140.0
51610,2015,8,20,210.0,0.0,210.0
51611,2015,8,21,574.0,28.0,546.0
51612,2015,8,22,532.0,28.0,504.0
51613,2015,8,23,588.0,28.0,560.0
51614,2015,8,24,1106.0,42.0,1064.0
51615,2015,8,25,1330.0,28.0,1302.0
51616,2015,8,26,1666.0,0.0,1666.0
51617,2015,8,27,1540.0,0.0,1540.0
51618,2015,8,28,1260.0,0.0,1260.0
51619,2015,8,29,1190.0,0.0,1190.0
51620,2015,8,30,770.0,14.0,756.0
51621,2015,8,31,182.0,56.0,126.0
51622,2015,9,1,56.0,56.0,0.0
51623,2015,9,2,126.0,126.0,0.0
51624,2015,9,3,98.0,98.0,0.0
51625,2015,9,4,56.0,42.0,14.0
51626,2015,9,5,84.0,56.0,28.0
51627,2015,9,6,70.0,70.0,0.0
51628,2015,9,7,98.0,70.0,28.0
51629,2015,9,8,112.0,56.0,56.0
51630,2015,9,9,84.0,42.0,42.0
51631,2015,9,10,98.0,42.0,56.0
51632,2015,9,11,84.0,28.0,56.0
51633,2015,9,12,322.0,28.0,294.0
51634,2015,9,13,490.0,28.0,462.0
51635,2015,9,14,700.0,14.0,686.0
51636,2015,9,15,728.0,0.0,728.0
51637,2015,9,16,742.0,14.0,728.0
51638,2015,9,17,952.0,168.0,784.0
51639,2015,9,18,756.0,140.0,616.0
51640,2015,9,19,686.0,98.0,588.0
51641,2015,9,20,728.0,70.0,658.0
51642,2015,9,21,1050.0,420.0,630.0
51643,2015,9,22,910.0,434.0,476.0
51644,2015,9,23,882.0,406.0,476.0
51645,2015,9,24,700.0,350.0,350.0
51646,2015,9,25,770.0,350.0,420.0
51647,2015,9,26,896.0,350.0,546.0
51648,2015,9,27,1008.0,392.0,616.0
51649,2015,9,28,1414.0,364.0,1050.0
51650,2015,9,29,1470.0,238.0,1232.0
51651,2015,9,30,1638.0,266.0,1372.0
51652,2015,10,1,1526.0,308.0,1218.0
51653,2015,10,2,1330.0,280.0,1050.0
51654,2015,10,3,938.0,266.0,672.0
51655,2015,10,4,672.0,294.0,378.0
51656,2015,10,5,210.0,210.0,0.0
51657,2015,10,6,154.0,154.0,0.0
51658,2015,10,7,154.0,140.0,14.0
51659,2015,10,8,154.0,140.0,14.0
51660,2015,10,9,56.0,0.0,56.0
51661,2015,10,10,42.0,0.0,42.0
51662,2015,10,11,70.0,0.0,70.0
51663,2015,10,12,112.0,0.0,112.0
51664,2015,10,13,140.0,42.0,98.0
51665,2015,10,14,168.0,42.0,126.0
51666,2015,10,15,154.0,14.0,140.0
51667,2015,10,16,140.0,0.0,140.0
51668,2015,10,17,280.0,0.0,280.0
51669,2015,10,18,560.0,112.0,448.0
51670,2015,10,19,742.0,294.0,448.0
51671,2015,10,20,812.0,364.0,448.0
51672,2015,10,21,728.0,336.0,392.0
51673,2015,10,22,714.0,406.0,308.0
51674,2015,10,23,658.0,476.0,182.0
51675,2015,10,24,574.0,392.0,182.0
51676,2015,10,25,448.0,378.0,70.0
51677,2015,10,26,392.0,364.0,28.0
51678,2015,10,27,350.0,322.0,28.0
51679,2015,10,28,266.0,252.0,14.0
51680,2015,10,29,266.0,238.0,28.0
51681,2015,10,30,728.0,672.0,56.0
51682,2015,10,31,868.0,854.0,14.0
51683,2015,11,1,938.0,938.0,0.0
51684,2015,11,2,1022.0,1022.0,0.0
51685,2015,11,3,1190.0,1190.0,0.0
51686,2015,11,4,1092.0,1092.0,0.0
51687,2015,11,5,812.0,812.0,0.0
51688,2015,11,6,588.0,588.0,0.0
51689,2015,11,7,574.0,532.0,42.0
51690,2015,11,8,644.0,420.0,224.0
51691,2015,11,9,504.0,280.0,224.0
51692,2015,11,10,504.0,308.0,196.0
51693,2015,11,11,350.0,182.0,168.0
51694,2015,11,12,196.0,42.0,154.0
51695,2015,11,13,14.0,14.0,0.0
51696,2015,11,14,70.0,42.0,28.0
51697,2015,11,15,84.0,70.0,14.0
51698,2015,11,16,112.0,98.0,14.0
51699,2015,11,17,56.0,56.0,0.0
51700,2015,11,18,56.0,56.0,0.0
51701,2015,11,19,84.0,84.0,0.0
51702,2015,11,20,112.0,112.0,0.0
51703,2015,11,21,210.0,210.0,0.0
51704,2015,11,22,350.0,350.0,0.0
51705,2015,11,23,462.0,462.0,0.0
51706,2015,11,24,560.0,560.0,0.0
51707,2015,11,25,406.0,406.0,0.0
51708,2015,11,26,280.0,280.0,0.0
51709,2015,11,27,238.0,238.0,0.0
51710,2015,11,28,154.0,154.0,0.0
51711,2015,11,29,154.0,154.0,0.0
51712,2015,11,30,98.0,84.0,14.0
51713,2015,12,1,168.0,154.0,14.0
51714,2015,12,2,98.0,98.0,0.0
51715,2015,12,3,84.0,84.0,0.0
51716,2015,12,4,70.0,42.0,28.0
51717,2015,12,5,168.0,56.0,112.0
51718,2015,12,6,238.0,42.0,196.0
51719,2015,12,7,182.0,14.0,168.0
51720,2015,12,8,182.0,14.0,168.0
51721,2015,12,9,224.0,14.0,210.0
51722,2015,12,10,266.0,0.0,266.0
51723,2015,12,11,392.0,0.0,392.0
51724,2015,12,12,238.0,0.0,238.0
51725,2015,12,13,406.0,252.0,154.0
51726,2015,12,14,602.0,504.0,98.0
51727,2015,12,15,672.0,574.0,98.0
51728,2015,12,16,924.0,896.0,28.0
51729,2015,12,17,812.0,770.0,42.0
51730,2015,12,18,910.0,882.0,28.0
51731,2015,12,19,798.0,784.0,14.0
51732,2015,12,20,644.0,630.0,14.0
51733,2015,12,21,602.0,602.0,0.0
51734,2015,12,22,700.0,658.0,42.0
51735,2015,12,23,1106.0,784.0,322.0
51736,2015,12,24,1274.0,686.0,588.0
51737,2015,12,25,1232.0,532.0,700.0
51738,2015,12,26,1232.0,434.0,798.0
51739,2015,12,27,868.0,42.0,826.0
51740,2015,12,28,784.0,42.0,742.0
51741,2015,12,29,742.0,28.0,714.0
51742,2015,12,30,672.0,14.0,658.0
51743,2015,12,31,350.0,14.0,336.0
51744,2016,1,1,182.0,0.0,182.0
51745,2016,1,2,196.0,28.0,168.0
51746,2016,1,3,196.0,112.0,84.0
51747,2016,1,4,238.0,126.0,112.0
51748,2016,1,5,224.0,126.0,98.0
51749,2016,1,6,140.0,98.0,42.0
51750,2016,1,7,224.0,210.0,14.0
51751,2016,1,8,420.0,336.0,84.0
51752,2016,1,9,476.0,364.0,112.0
51753,2016,1,10,546.0,378.0,168.0
51754,2016,1,11,378.0,378.0,0.0
51755,2016,1,12,490.0,490.0,0.0
51756,2016,1,13,392.0,392.0,0.0
51757,2016,1,14,392.0,392.0,0.0
51758,2016,1,15,364.0,364.0,0.0
51759,2016,1,16,350.0,350.0,0.0
51760,2016,1,17,294.0,294.0,0.0
51761,2016,1,18,364.0,308.0,56.0
51762,2016,1,19,392.0,308.0,84.0
51763,2016,1,20,154.0,42.0,112.0
51764,2016,1,21,252.0,98.0,154.0
51765,2016,1,22,280.0,98.0,182.0
51766,2016,1,23,252.0,126.0,126.0
51767,2016,1,24,238.0,168.0,70.0
51768,2016,1,25,322.0,280.0,42.0
51769,2016,1,26,462.0,420.0,42.0
51770,2016,1,27,504.0,462.0,42.0
51771,2016,1,28,700.0,658.0,42.0
51772,2016,1,29,756.0,728.0,28.0
51773,2016,1,30,644.0,630.0,14.0
51774,2016,1,31,546.0,546.0,0.0
51775,2016,2,1,364.0,350.0,14.0
51776,2016,2,2,448.0,434.0,14.0
51777,2016,2,3,420.0,392.0,28.0
51778,2016,2,4,532.0,406.0,126.0
51779,2016,2,5,700.0,238.0,462.0
51780,2016,2,6,560.0,98.0,462.0
51781,2016,2,7,546.0,126.0,420.0
51782,2016,2,8,644.0,168.0,476.0
51783,2016,2,9,910.0,322.0,588.0
51784,2016,2,10,490.0,322.0,168.0
51785,2016,2,11,490.0,392.0,98.0
51786,2016,2,12,350.0,294.0,56.0
51787,2016,2,13,406.0,392.0,14.0
51788,2016,2,14,322.0,308.0,14.0
51789,2016,2,15,392.0,364.0,28.0
51790,2016,2,16,434.0,420.0,14.0
51791,2016,2,17,364.0,364.0,0.0
51792,2016,2,18,420.0,420.0,0.0
51793,2016,2,19,98.0,98.0,0.0
51794,2016,2,20,154.0,154.0,0.0
51795,2016,2,21,294.0,294.0,0.0
51796,2016,2,22,364.0,364.0,0.0
51797,2016,2,23,308.0,308.0,0.0
51798,2016,2,24,322.0,322.0,0.0
51799,2016,2,25,322.0,308.0,14.0
51800,2016,2,26,70.0,28.0,42.0
51801,2016,2,27,84.0,42.0,42.0
51802,2016,2,28,98.0,14.0,84.0
51803,2016,2,29,168.0,14.0,154.0
51804,2016,3,1,224.0,42.0,182.0
51805,2016,3,2,196.0,42.0,154.0
51806,2016,3,3,308.0,154.0,154.0
51807,2016,3,4,210.0,112.0,98.0
51808,2016,3,5,266.0,154.0,112.0
51809,2016,3,6,252.0,196.0,56.0
51810,2016,3,7,196.0,196.0,0.0
51811,2016,3,8,168.0,168.0,0.0
51812,2016,3,9,126.0,126.0,0.0
51813,2016,3,10,266.0,266.0,0.0
51814,2016,3,11,224.0,224.0,0.0
51815,2016,3,12,154.0,154.0,0.0
51816,2016,3,13,294.0,294.0,0.0
51817,2016,3,14,280.0,280.0,0.0
51818,2016,3,15,308.0,308.0,0.0
51819,2016,3,16,238.0,238.0,0.0
51820,2016,3,17,266.0,252.0,14.0
51821,2016,3,18,448.0,434.0,14.0
51822,2016,3,19,420.0,420.0,0.0
51823,2016,3,20,490.0,490.0,0.0
51824,2016,3,21,434.0,434.0,0.0
51825,2016,3,22,308.0,308.0,0.0
51826,2016,3,23,336.0,336.0,0.0
51827,2016,3,24,294.0,294.0,0.0
51828,2016,3,25,434.0,266.0,168.0
51829,2016,3,26,392.0,140.0,252.0
51830,2016,3,27,378.0,112.0,266.0
51831,2016,3,28,378.0,112.0,266.0
51832,2016,3,29,350.0,84.0,266.0
51833,2016,3,30,280.0,0.0,280.0
51834,2016,3,31,266.0,0.0,266.0
51835,2016,4,1,280.0,0.0,280.0
51836,2016,4,2,252.0,0.0,252.0
51837,2016,4,3,266.0,0.0,266.0
51838,2016,4,4,238.0,14.0,224.0
51839,2016,4,5,224.0,14.0,210.0
51840,2016,4,6,210.0,42.0,168.0
51841,2016,4,7,28.0,28.0,0.0
51842,2016,4,8,518.0,518.0,0.0
51843,2016,4,9,504.0,504.0,0.0
51844,2016,4,10,1162.0,1162.0,0.0
51845,2016,4,11,1148.0,1148.0,0.0
51846,2016,4,12,1232.0,1232.0,0.0
51847,2016,4,13,1148.0,1148.0,0.0
51848,2016,4,14,1134.0,1134.0,0.0
51849,2016,4,15,1134.0,1134.0,0.0
51850,2016,4,16,1064.0,1064.0,0.0
51851,2016,4,17,1050.0,1050.0,0.0
51852,2016,4,18,1162.0,1162.0,0.0
51853,2016,4,19,896.0,896.0,0.0
51854,2016,4,20,896.0,896.0,0.0
51855,2016,4,21,126.0,42.0,84.0
51856,2016,4,22,112.0,28.0,84.0
51857,2016,4,23,98.0,14.0,84.0
51858,2016,4,24,112.0,0.0,112.0
51859,2016,4,25,294.0,154.0,140.0
51860,2016,4,26,196.0,56.0,140.0
51861,2016,4,27,280.0,112.0,168.0
51862,2016,4,28,392.0,168.0,224.0
51863,2016,4,29,420.0,182.0,238.0
51864,2016,4,30,420.0,210.0,210.0
51865,2016,5,1,420.0,280.0,140.0
51866,2016,5,2,532.0,434.0,98.0
51867,2016,5,3,294.0,294.0,0.0
51868,2016,5,4,224.0,224.0,0.0
51869,2016,5,5,518.0,518.0,0.0
51870,2016,5,6,266.0,266.0,0.0
51871,2016,5,7,252.0,252.0,0.0
51872,2016,5,8,280.0,280.0,0.0
51873,2016,5,9,154.0,140.0,14.0
51874,2016,5,10,294.0,252.0,42.0
51875,2016,5,11,378.0,238.0,140.0
51876,2016,5,12,420.0,224.0,196.0
51877,2016,5,13,490.0,252.0,238.0
51878,2016,5,14,406.0,252.0,154.0
51879,2016,5,15,714.0,252.0,462.0
51880,2016,5,16,1078.0,364.0,714.0
51881,2016,5,17,1064.0,266.0,798.0
51882,2016,5,18,924.0,168.0,756.0
51883,2016,5,19,826.0,154.0,672.0
51884,2016,5,20,742.0,112.0,630.0
51885,2016,5,21,854.0,112.0,742.0
51886,2016,5,22,770.0,0.0,770.0
51887,2016,5,23,672.0,0.0,672.0
51888,2016,5,24,644.0,0.0,644.0
51889,2016,5,25,644.0,14.0,630.0
51890,2016,5,26,532.0,70.0,462.0
51891,2016,5,27,588.0,168.0,420.0
51892,2016,5,28,182.0,182.0,0.0
51893,2016,5,29,196.0,168.0,28.0
51894,2016,5,30,112.0,84.0,28.0
51895,2016,5,31,112.0,98.0,14.0
51896,2016,6,1,84.0,84.0,0.0
51897,2016,6,2,98.0,98.0,0.0
51898,2016,6,3,140.0,140.0,0.0
51899,2016,6,4,0.0,0.0,0.0
51900,2016,6,5,0.0,0.0,0.0
51901,2016,6,6,0.0,0.0,0.0
51902,2016,6,7,0.0,0.0,0.0
51903,2016,6,8,14.0,14.0,0.0
51904,2016,6,9,28.0,28.0,0.0
51905,2016,6,10,196.0,196.0,0.0
51906,2016,6,11,252.0,84.0,168.0
51907,2016,6,12,616.0,238.0,378.0
51908,2016,6,13,700.0,238.0,462.0
51909,2016,6,14,574.0,168.0,406.0
51910,2016,6,15,546.0,140.0,406.0
51911,2016,6,16,490.0,70.0,420.0
51912,2016,6,17,476.0,0.0,476.0
51913,2016,6,18,574.0,42.0,532.0
51914,2016,6,19,434.0,56.0,378.0
51915,2016,6,20,462.0,98.0,364.0
51916,2016,6,21,434.0,84.0,350.0
51917,2016,6,22,280.0,14.0,266.0
51918,2016,6,23,224.0,14.0,210.0
51919,2016,6,24,0.0,0.0,0.0
51920,2016,6,25,0.0,0.0,0.0
51921,2016,6,26,0.0,0.0,0.0
51922,2016,6,27,0.0,0.0,0.0
51923,2016,6,28,0.0,0.0,0.0
51924,2016,6,29,0.0,0.0,0.0
51925,2016,6,30,0.0,0.0,0.0
51926,2016,7,1,0.0,0.0,0.0
51927,2016,7,2,0.0,0.0,0.0
51928,2016,7,3,0.0,0.0,0.0
51929,2016,7,4,0.0,0.0,0.0
51930,2016,7,5,0.0,0.0,0.0
51931,2016,7,6,28.0,14.0,14.0
51932,2016,7,7,14.0,0.0,14.0
51933,2016,7,8,84.0,0.0,84.0
51934,2016,7,9,168.0,70.0,98.0
51935,2016,7,10,238.0,140.0,98.0
51936,2016,7,11,266.0,196.0,70.0
51937,2016,7,12,336.0,294.0,42.0
51938,2016,7,13,420.0,350.0,70.0
51939,2016,7,14,336.0,294.0,42.0
51940,2016,7,15,350.0,336.0,14.0
51941,2016,7,16,714.0,672.0,42.0
51942,2016,7,17,742.0,728.0,14.0
51943,2016,7,18,952.0,952.0,0.0
51944,2016,7,19,924.0,924.0,0.0
51945,2016,7,20,1008.0,1008.0,0.0
51946,2016,7,21,1190.0,1190.0,0.0
51947,2016,7,22,896.0,896.0,0.0
51948,2016,7,23,812.0,812.0,0.0
51949,2016,7,24,644.0,644.0,0.0
51950,2016,7,25,210.0,210.0,0.0
51951,2016,7,26,0.0,0.0,0.0
51952,2016,7,27,0.0,0.0,0.0
51953,2016,7,28,0.0,0.0,0.0
51954,2016,7,29,14.0,14.0,0.0
51955,2016,7,30,14.0,14.0,0.0
51956,2016,7,31,14.0,14.0,0.0
51957,2016,8,1,14.0,14.0,0.0
51958,2016,8,2,14.0,14.0,0.0
51959,2016,8,3,14.0,14.0,0.0
51960,2016,8,4,0.0,0.0,0.0
51961,2016,8,5,28.0,28.0,0.0
51962,2016,8,6,112.0,112.0,0.0
51963,2016,8,7,168.0,168.0,0.0
51964,2016,8,8,532.0,532.0,0.0
51965,2016,8,9,686.0,630.0,56.0
51966,2016,8,10,686.0,630.0,56.0
51967,2016,8,11,644.0,448.0,196.0
51968,2016,8,12,602.0,406.0,196.0
51969,2016,8,13,700.0,504.0,196.0
51970,2016,8,14,546.0,364.0,182.0
51971,2016,8,15,490.0,350.0,140.0
51972,2016,8,16,406.0,266.0,140.0
51973,2016,8,17,308.0,210.0,98.0
51974,2016,8,18,252.0,168.0,84.0
51975,2016,8,19,224.0,154.0,70.0
51976,2016,8,20,182.0,126.0,56.0
51977,2016,8,21,14.0,14.0,0.0
51978,2016,8,22,14.0,14.0,0.0
51979,2016,8,23,112.0,84.0,28.0
51980,2016,8,24,168.0,140.0,28.0
51981,2016,8,25,168.0,140.0,28.0
51982,2016,8,26,168.0,112.0,56.0
51983,2016,8,27,154.0,126.0,28.0
51984,2016,8,28,182.0,154.0,28.0
51985,2016,8,29,280.0,252.0,28.0
51986,2016,8,30,490.0,448.0,42.0
51987,2016,8,31,406.0,364.0,42.0
51988,2016,9,1,805.0,616.0,189.0
51989,2016,9,2,1022.0,924.0,98.0
51990,2016,9,3,868.0,868.0,0.0
51991,2016,9,4,966.0,966.0,0.0
51992,2016,9,5,784.0,784.0,0.0
51993,2016,9,6,588.0,588.0,0.0
51994,2016,9,7,574.0,574.0,0.0
51995,2016,9,8,658.0,658.0,0.0
51996,2016,9,9,560.0,560.0,0.0
51997,2016,9,10,602.0,602.0,0.0
51998,2016,9,11,630.0,630.0,0.0
51999,2016,9,12,476.0,476.0,0.0
52000,2016,9,13,406.0,406.0,0.0
52001,2016,9,14,84.0,84.0,0.0
52002,2016,9,15,42.0,42.0,0.0
52003,2016,9,16,14.0,14.0,0.0
52004,2016,9,17,14.0,14.0,0.0
52005,2016,9,18,14.0,14.0,0.0
52006,2016,9,19,56.0,56.0,0.0
52007,2016,9,20,140.0,140.0,0.0
52008,2016,9,21,238.0,238.0,0.0
52009,2016,9,22,238.0,238.0,0.0
52010,2016,9,23,140.0,140.0,0.0
52011,2016,9,24,182.0,140.0,42.0
52012,2016,9,25,252.0,84.0,168.0
52013,2016,9,26,84.0,0.0,84.0
52014,2016,9,27,98.0,0.0,98.0
52015,2016,9,28,154.0,0.0,154.0
52016,2016,9,29,140.0,0.0,140.0
52017,2016,9,30,140.0,0.0,140.0
52018,2016,10,1,84.0,0.0,84.0
52019,2016,10,2,0.0,0.0,0.0
52020,2016,10,3,14.0,14.0,0.0
52021,2016,10,4,448.0,168.0,280.0
52022,2016,10,5,672.0,112.0,560.0
52023,2016,10,6,756.0,112.0,644.0
52024,2016,10,7,784.0,210.0,574.0
52025,2016,10,8,798.0,280.0,518.0
52026,2016,10,9,840.0,280.0,560.0
52027,2016,10,10,882.0,322.0,560.0
52028,2016,10,11,616.0,266.0,350.0
52029,2016,10,12,560.0,182.0,378.0
52030,2016,10,13,420.0,154.0,266.0
52031,2016,10,14,378.0,182.0,196.0
52032,2016,10,15,364.0,196.0,168.0
52033,2016,10,16,266.0,182.0,84.0
52034,2016,10,17,182.0,182.0,0.0
52035,2016,10,18,112.0,112.0,0.0
52036,2016,10,19,168.0,168.0,0.0
52037,2016,10,20,112.0,112.0,0.0
52038,2016,10,21,70.0,70.0,0.0
52039,2016,10,22,70.0,70.0,0.0
52040,2016,10,23,56.0,56.0,0.0
52041,2016,10,24,28.0,28.0,0.0
52042,2016,10,25,28.0,28.0,0.0
52043,2016,10,26,98.0,98.0,0.0
52044,2016,10,27,112.0,112.0,0.0
52045,2016,10,28,84.0,84.0,0.0
52046,2016,10,29,14.0,14.0,0.0
52047,2016,10,30,14.0,14.0,0.0
52048,2016,10,31,14.0,14.0,0.0
52049,2016,11,1,42.0,42.0,0.0
52050,2016,11,2,14.0,14.0,0.0
52051,2016,11,3,0.0,0.0,0.0
52052,2016,11,4,28.0,28.0,0.0
52053,2016,11,5,42.0,42.0,0.0
52054,2016,11,6,28.0,28.0,0.0
52055,2016,11,7,28.0,28.0,0.0
52056,2016,11,8,28.0,28.0,0.0
52057,2016,11,9,0.0,0.0,0.0
52058,2016,11,10,14.0,0.0,14.0
52059,2016,11,11,70.0,0.0,70.0
52060,2016,11,12,168.0,0.0,168.0
52061,2016,11,13,126.0,42.0,84.0
52062,2016,11,14,56.0,28.0,28.0
52063,2016,11,15,42.0,28.0,14.0
52064,2016,11,16,42.0,28.0,14.0
52065,2016,11,17,56.0,56.0,0.0
52066,2016,11,18,84.0,84.0,0.0
52067,2016,11,19,42.0,42.0,0.0
52068,2016,11,20,28.0,28.0,0.0
52069,2016,11,21,14.0,14.0,0.0
52070,2016,11,22,0.0,0.0,0.0
52071,2016,11,23,0.0,0.0,0.0
52072,2016,11,24,168.0,168.0,0.0
52073,2016,11,25,252.0,252.0,0.0
52074,2016,11,26,322.0,322.0,0.0
52075,2016,11,27,224.0,224.0,0.0
52076,2016,11,28,280.0,280.0,0.0
52077,2016,11,29,322.0,322.0,0.0
52078,2016,11,30,364.0,322.0,42.0
52079,2016,12,1,322.0,238.0,84.0
52080,2016,12,2,364.0,210.0,154.0
52081,2016,12,3,322.0,168.0,154.0
52082,2016,12,4,322.0,126.0,196.0
52083,2016,12,5,266.0,28.0,238.0
52084,2016,12,6,308.0,28.0,280.0
52085,2016,12,7,238.0,0.0,238.0
52086,2016,12,8,238.0,0.0,238.0
52087,2016,12,9,84.0,0.0,84.0
52088,2016,12,10,84.0,0.0,84.0
52089,2016,12,11,0.0,0.0,0.0
52090,2016,12,12,14.0,14.0,0.0
52091,2016,12,13,14.0,14.0,0.0
52092,2016,12,14,98.0,98.0,0.0
52093,2016,12,15,112.0,112.0,0.0
52094,2016,12,16,14.0,14.0,0.0
52095,2016,12,17,0.0,0.0,0.0
52096,2016,12,18,0.0,0.0,0.0
52097,2016,12,19,28.0,28.0,0.0
52098,2016,12,20,14.0,14.0,0.0
52099,2016,12,21,14.0,0.0,14.0
52100,2016,12,22,70.0,0.0,70.0
52101,2016,12,23,28.0,0.0,28.0
52102,2016,12,24,0.0,0.0,0.0
52103,2016,12,25,0.0,0.0,0.0
52104,2016,12,26,0.0,0.0,0.0
52105,2016,12,27,14.0,14.0,0.0
52106,2016,12,28,42.0,42.0,0.0
52107,2016,12,29,14.0,14.0,0.0
52108,2016,12,30,0.0,0.0,0.0
52109,2016,12,31,14.0,14.0,0.0
52110,2017,1,1,0.0,0.0,0.0
52111,2017,1,2,0.0,0.0,0.0
52112,2017,1,3,0.0,0.0,0.0
52113,2017,1,4,0.0,0.0,0.0
52114,2017,1,5,0.0,0.0,0.0
52115,2017,1,6,0.0,0.0,0.0
52116,2017,1,7,0.0,0.0,0.0
52117,2017,1,8,0.0,0.0,0.0
52118,2017,1,9,0.0,0.0,0.0
52119,2017,1,10,0.0,0.0,0.0
52120,2017,1,11,0.0,0.0,0.0
52121,2017,1,12,0.0,0.0,0.0
52122,2017,1,13,42.0,42.0,0.0
52123,2017,1,14,98.0,98.0,0.0
52124,2017,1,15,266.0,266.0,0.0
52125,2017,1,16,252.0,252.0,0.0
52126,2017,1,17,252.0,252.0,0.0
52127,2017,1,18,196.0,196.0,0.0
52128,2017,1,19,140.0,140.0,0.0
52129,2017,1,20,126.0,126.0,0.0
52130,2017,1,21,252.0,252.0,0.0
52131,2017,1,22,378.0,378.0,0.0
52132,2017,1,23,490.0,490.0,0.0
52133,2017,1,24,448.0,448.0,0.0
52134,2017,1,25,448.0,448.0,0.0
52135,2017,1,26,518.0,518.0,0.0
52136,2017,1,27,378.0,378.0,0.0
52137,2017,1,28,378.0,378.0,0.0
52138,2017,1,29,336.0,336.0,0.0
52139,2017,1,30,322.0,322.0,0.0
52140,2017,1,31,112.0,98.0,14.0
52141,2017,2,1,84.0,70.0,14.0
52142,2017,2,2,126.0,126.0,0.0
52143,2017,2,3,154.0,154.0,0.0
52144,2017,2,4,112.0,112.0,0.0
52145,2017,2,5,56.0,56.0,0.0
52146,2017,2,6,28.0,28.0,0.0
52147,2017,2,7,14.0,14.0,0.0
52148,2017,2,8,14.0,14.0,0.0
52149,2017,2,9,0.0,0.0,0.0
52150,2017,2,10,98.0,98.0,0.0
52151,2017,2,11,154.0,154.0,0.0
52152,2017,2,12,126.0,126.0,0.0
52153,2017,2,13,126.0,126.0,0.0
52154,2017,2,14,84.0,84.0,0.0
52155,2017,2,15,70.0,70.0,0.0
52156,2017,2,16,42.0,42.0,0.0
52157,2017,2,17,14.0,14.0,0.0
52158,2017,2,18,28.0,28.0,0.0
52159,2017,2,19,28.0,28.0,0.0
52160,2017,2,20,42.0,14.0,28.0
52161,2017,2,21,126.0,112.0,14.0
52162,2017,2,22,196.0,196.0,0.0
52163,2017,2,23,210.0,210.0,0.0
52164,2017,2,24,210.0,210.0,0.0
52165,2017,2,25,196.0,168.0,28.0
52166,2017,2,26,168.0,140.0,28.0
52167,2017,2,27,168.0,154.0,14.0
52168,2017,2,28,210.0,210.0,0.0
52169,2017,3,1,294.0,294.0,0.0
52170,2017,3,2,266.0,266.0,0.0
52171,2017,3,3,196.0,196.0,0.0
52172,2017,3,4,140.0,140.0,0.0
52173,2017,3,5,0.0,0.0,0.0
52174,2017,3,6,14.0,14.0,0.0
52175,2017,3,7,0.0,0.0,0.0
52176,2017,3,8,0.0,0.0,0.0
52177,2017,3,9,0.0,0.0,0.0
52178,2017,3,10,0.0,0.0,0.0
52179,2017,3,11,0.0,0.0,0.0
52180,2017,3,12,0.0,0.0,0.0
52181,2017,3,13,0.0,0.0,0.0
52182,2017,3,14,0.0,0.0,0.0
52183,2017,3,15,0.0,0.0,0.0
52184,2017,3,16,0.0,0.0,0.0
52185,2017,3,17,0.0,0.0,0.0
52186,2017,3,18,0.0,0.0,0.0
52187,2017,3,19,0.0,0.0,0.0
52188,2017,3,20,0.0,0.0,0.0
52189,2017,3,21,0.0,0.0,0.0
52190,2017,3,22,28.0,28.0,0.0
52191,2017,3,23,42.0,42.0,0.0
52192,2017,3,24,28.0,28.0,0.0
52193,2017,3,25,14.0,14.0,0.0
52194,2017,3,26,14.0,14.0,0.0
52195,2017,3,27,70.0,70.0,0.0
52196,2017,3,28,280.0,238.0,42.0
52197,2017,3,29,448.0,350.0,98.0
52198,2017,3,30,560.0,308.0,252.0
52199,2017,3,31,630.0,266.0,364.0
52200,2017,4,1,812.0,280.0,532.0
52201,2017,4,2,1036.0,294.0,742.0
52202,2017,4,3,1498.0,630.0,868.0
52203,2017,4,4,1778.0,756.0,1022.0
52204,2017,4,5,1246.0,252.0,994.0
52205,2017,4,6,770.0,0.0,770.0
52206,2017,4,7,560.0,0.0,560.0
52207,2017,4,8,98.0,0.0,98.0
52208,2017,4,9,0.0,0.0,0.0
52209,2017,4,10,28.0,28.0,0.0
52210,2017,4,11,56.0,56.0,0.0
52211,2017,4,12,56.0,56.0,0.0
52212,2017,4,13,28.0,28.0,0.0
52213,2017,4,14,28.0,28.0,0.0
52214,2017,4,15,14.0,14.0,0.0
52215,2017,4,16,14.0,14.0,0.0
52216,2017,4,17,0.0,0.0,0.0
52217,2017,4,18,0.0,0.0,0.0
52218,2017,4,19,28.0,28.0,0.0
52219,2017,4,20,154.0,154.0,0.0
52220,2017,4,21,196.0,196.0,0.0
52221,2017,4,22,252.0,196.0,56.0
52222,2017,4,23,336.0,196.0,140.0
52223,2017,4,24,364.0,224.0,140.0
52224,2017,4,25,294.0,168.0,126.0
52225,2017,4,26,210.0,126.0,84.0
52226,2017,4,27,196.0,126.0,70.0
52227,2017,4,28,154.0,98.0,56.0
52228,2017,4,29,140.0,98.0,42.0
52229,2017,4,30,112.0,70.0,42.0
52230,2017,5,1,84.0,56.0,28.0
52231,2017,5,2,28.0,0.0,28.0
52232,2017,5,3,98.0,84.0,14.0
52233,2017,5,4,98.0,98.0,0.0
52234,2017,5,5,126.0,126.0,0.0
52235,2017,5,6,98.0,98.0,0.0
52236,2017,5,7,70.0,70.0,0.0
52237,2017,5,8,42.0,42.0,0.0
52238,2017,5,9,28.0,28.0,0.0
52239,2017,5,10,0.0,0.0,0.0
52240,2017,5,11,0.0,0.0,0.0
52241,2017,5,12,0.0,0.0,0.0
52242,2017,5,13,0.0,0.0,0.0
52243,2017,5,14,0.0,0.0,0.0
52244,2017,5,15,0.0,0.0,0.0
52245,2017,5,16,0.0,0.0,0.0
52246,2017,5,17,56.0,56.0,0.0
52247,2017,5,18,42.0,42.0,0.0
52248,2017,5,19,42.0,28.0,14.0
52249,2017,5,20,42.0,28.0,14.0
52250,2017,5,21,42.0,28.0,14.0
52251,2017,5,22,98.0,84.0,14.0
52252,2017,5,23,72.8,42.0,30.8
52253,2017,5,24,70.0,42.0,28.0
52254,2017,5,25,42.0,42.0,0.0
52255,2017,5,26,112.0,112.0,0.0
52256,2017,5,27,238.0,238.0,0.0
52257,2017,5,28,252.0,252.0,0.0
52258,2017,5,29,308.0,308.0,0.0
52259,2017,5,30,252.0,252.0,0.0
52260,2017,5,31,0.0,0.0,0.0
52261,2017,6,1,42.0,42.0,0.0
52262,2017,6,2,84.0,84.0,0.0
52263,2017,6,3,280.0,280.0,0.0
52264,2017,6,4,252.0,252.0,0.0
52265,2017,6,5,182.0,182.0,0.0
52266,2017,6,6,238.0,238.0,0.0
52267,2017,6,7,182.0,182.0,0.0
52268,2017,6,8,56.0,56.0,0.0
52269,2017,6,9,14.0,14.0,0.0
52270,2017,6,10,0.0,0.0,0.0
52271,2017,6,11,0.0,0.0,0.0
52272,2017,6,12,0.0,0.0,0.0
52273,2017,6,13,0.0,0.0,0.0
52274,2017,6,14,238.0,238.0,0.0
52275,2017,6,15,224.0,224.0,0.0
52276,2017,6,16,210.0,210.0,0.0
52277,2017,6,17,196.0,196.0,0.0
52278,2017,6,18,238.0,238.0,0.0
52279,2017,6,19,224.0,224.0,0.0
52280,2017,6,20,196.0,196.0,0.0
52281,2017,6,21,238.0,238.0,0.0
52282,2017,6,22,168.0,168.0,0.0
52283,2017,6,23,112.0,112.0,0.0
52284,2017,6,24,126.0,126.0,0.0
52285,2017,6,25,112.0,112.0,0.0
52286,2017,6,26,126.0,126.0,0.0
52287,2017,6,27,126.0,126.0,0.0
52288,2017,6,28,140.0,140.0,0.0
52289,2017,6,29,84.0,84.0,0.0
52290,2017,6,30,70.0,70.0,0.0
52291,2017,7,1,70.0,70.0,0.0
52292,2017,7,2,28.0,28.0,0.0
52293,2017,7,3,28.0,28.0,0.0
52294,2017,7,4,0.0,0.0,0.0
52295,2017,7,5,0.0,0.0,0.0
52296,2017,7,6,98.0,0.0,98.0
52297,2017,7,7,196.0,0.0,196.0
52298,2017,7,8,434.0,0.0,434.0
52299,2017,7,9,672.0,0.0,672.0
52300,2017,7,10,994.0,0.0,994.0
52301,2017,7,11,966.0,0.0,966.0
52302,2017,7,12,868.0,0.0,868.0
52303,2017,7,13,826.0,28.0,798.0
52304,2017,7,14,658.0,42.0,616.0
52305,2017,7,15,686.0,42.0,644.0
52306,2017,7,16,546.0,14.0,532.0
52307,2017,7,17,490.0,14.0,476.0
52308,2017,7,18,630.0,0.0,630.0
52309,2017,7,19,0.0,0.0,0.0
52310,2017,7,20,0.0,0.0,0.0
52311,2017,7,21,0.0,0.0,0.0
52312,2017,7,22,0.0,0.0,0.0
52313,2017,7,23,0.0,0.0,0.0
52314,2017,7,24,0.0,0.0,0.0
52315,2017,7,25,0.0,0.0,0.0
52316,2017,7,26,14.0,14.0,0.0
52317,2017,7,27,0.0,0.0,0.0
52318,2017,7,28,0.0,0.0,0.0
52319,2017,7,29,0.0,0.0,0.0
52320,2017,7,30,7.0,7.0,0.0
52321,2017,7,31,14.0,14.0,0.0
52322,2017,8,1,0.0,0.0,0.0
52323,2017,8,2,0.0,0.0,0.0
52324,2017,8,3,224.0,0.0,224.0
52325,2017,8,4,210.0,0.0,210.0
52326,2017,8,5,210.0,0.0,210.0
52327,2017,8,6,210.0,0.0,210.0
52328,2017,8,7,196.0,0.0,196.0
52329,2017,8,8,196.0,0.0,196.0
52330,2017,8,9,196.0,0.0,196.0
52331,2017,8,10,182.0,0.0,182.0
52332,2017,8,11,154.0,0.0,154.0
52333,2017,8,12,154.0,0.0,154.0
52334,2017,8,13,140.0,0.0,140.0
52335,2017,8,14,154.0,0.0,154.0
52336,2017,8,15,98.0,98.0,0.0
52337,2017,8,16,238.0,238.0,0.0
52338,2017,8,17,532.0,532.0,0.0
52339,2017,8,18,392.0,392.0,0.0
52340,2017,8,19,574.0,574.0,0.0
52341,2017,8,20,504.0,504.0,0.0
52342,2017,8,21,742.0,742.0,0.0
52343,2017,8,22,826.0,826.0,0.0
52344,2017,8,23,728.0,728.0,0.0
52345,2017,8,24,644.0,644.0,0.0
52346,2017,8,25,616.0,616.0,0.0
52347,2017,8,26,392.0,392.0,0.0
52348,2017,8,27,350.0,350.0,0.0
52349,2017,8,28,308.0,308.0,0.0
52350,2017,8,29,140.0,140.0,0.0
52351,2017,8,30,546.0,448.0,98.0
52352,2017,8,31,882.0,784.0,98.0
52353,2017,9,1,1330.0,1176.0,154.0
52354,2017,9,2,1316.0,1162.0,154.0
52355,2017,9,3,1288.0,1134.0,154.0
52356,2017,9,4,1596.0,1316.0,280.0
52357,2017,9,5,2058.0,1050.0,1008.0
52358,2017,9,6,2282.0,994.0,1288.0
52359,2017,9,7,2366.0,1022.0,1344.0
52360,2017,9,8,2324.0,924.0,1400.0
52361,2017,9,9,2464.0,980.0,1484.0
52362,2017,9,10,1554.0,812.0,742.0
52363,2017,9,11,588.0,588.0,0.0
52364,2017,9,12,154.0,154.0,0.0
52365,2017,9,13,196.0,196.0,0.0
52366,2017,9,14,168.0,168.0,0.0
52367,2017,9,15,168.0,168.0,0.0
52368,2017,9,16,112.0,112.0,0.0
52369,2017,9,17,126.0,126.0,0.0
52370,2017,9,18,112.0,112.0,0.0
52371,2017,9,19,112.0,112.0,0.0
52372,2017,9,20,70.0,70.0,0.0
52373,2017,9,21,168.0,84.0,84.0
52374,2017,9,22,182.0,70.0,112.0
52375,2017,9,23,196.0,84.0,112.0
52376,2017,9,24,126.0,0.0,126.0
52377,2017,9,25,378.0,0.0,378.0
52378,2017,9,26,784.0,364.0,420.0
52379,2017,9,27,644.0,224.0,420.0
52380,2017,9,28,742.0,378.0,364.0
52381,2017,9,29,672.0,392.0,280.0
52382,2017,9,30,644.0,378.0,266.0
52383,2017,10,1,616.0,378.0,238.0
52384,2017,10,2,602.0,378.0,224.0
52385,2017,10,3,560.0,406.0,154.0
52386,2017,10,4,630.0,462.0,168.0
52387,2017,10,5,602.0,420.0,182.0
52388,2017,10,6,560.0,392.0,168.0
52389,2017,10,7,546.0,378.0,168.0
52390,2017,10,8,308.0,308.0,0.0
52391,2017,10,9,0.0,0.0,0.0
52392,2017,10,10,0.0,0.0,0.0
52393,2017,10,11,0.0,0.0,0.0
52394,2017,10,12,0.0,0.0,0.0
52395,2017,10,13,0.0,0.0,0.0
52396,2017,10,14,0.0,0.0,0.0
52397,2017,10,15,0.0,0.0,0.0
52398,2017,10,16,14.0,14.0,0.0
52399,2017,10,17,0.0,0.0,0.0
52400,2017,10,18,0.0,0.0,0.0
52401,2017,10,19,0.0,0.0,0.0
52402,2017,10,20,0.0,0.0,0.0
52403,2017,10,21,0.0,0.0,0.0
52404,2017,10,22,70.0,0.0,70.0
52405,2017,10,23,98.0,0.0,98.0
52406,2017,10,24,126.0,42.0,84.0
52407,2017,10,25,126.0,42.0,84.0
52408,2017,10,26,98.0,28.0,70.0
52409,2017,10,27,70.0,28.0,42.0
52410,2017,10,28,84.0,42.0,42.0
52411,2017,10,29,28.0,14.0,14.0
52412,2017,10,30,28.0,14.0,14.0
52413,2017,10,31,14.0,14.0,0.0
52414,2017,11,1,0.0,0.0,0.0
52415,2017,11,2,0.0,0.0,0.0
52416,2017,11,3,0.0,0.0,0.0
52417,2017,11,4,0.0,0.0,0.0
52418,2017,11,5,0.0,0.0,0.0
52419,2017,11,6,0.0,0.0,0.0
52420,2017,11,7,0.0,0.0,0.0
52421,2017,11,8,0.0,0.0,0.0
52422,2017,11,9,0.0,0.0,0.0
52423,2017,11,10,0.0,0.0,0.0
52424,2017,11,11,0.0,0.0,0.0
52425,2017,11,12,0.0,0.0,0.0
52426,2017,11,13,0.0,0.0,0.0
52427,2017,11,14,0.0,0.0,0.0
52428,2017,11,15,70.0,0.0,70.0
52429,2017,11,16,126.0,0.0,126.0
52430,2017,11,17,126.0,0.0,126.0
52431,2017,11,18,98.0,14.0,84.0
52432,2017,11,19,42.0,0.0,42.0
52433,2017,11,20,0.0,0.0,0.0
52434,2017,11,21,0.0,0.0,0.0
52435,2017,11,22,0.0,0.0,0.0
52436,2017,11,23,0.0,0.0,0.0
52437,2017,11,24,0.0,0.0,0.0
52438,2017,11,25,0.0,0.0,0.0
52439,2017,11,26,28.0,28.0,0.0
52440,2017,11,27,84.0,84.0,0.0
52441,2017,11,28,84.0,84.0,0.0
52442,2017,11,29,84.0,84.0,0.0
52443,2017,11,30,56.0,56.0,0.0
52444,2017,12,1,56.0,56.0,0.0
52445,2017,12,2,0.0,0.0,0.0
52446,2017,12,3,0.0,0.0,0.0
52447,2017,12,4,0.0,0.0,0.0
52448,2017,12,5,0.0,0.0,0.0
52449,2017,12,6,0.0,0.0,0.0
52450,2017,12,7,14.0,14.0,0.0
52451,2017,12,8,14.0,14.0,0.0
52452,2017,12,9,0.0,0.0,0.0
52453,2017,12,10,0.0,0.0,0.0
52454,2017,12,11,14.0,0.0,14.0
52455,2017,12,12,14.0,0.0,14.0
52456,2017,12,13,14.0,0.0,14.0
52457,2017,12,14,0.0,0.0,0.0
52458,2017,12,15,0.0,0.0,0.0
52459,2017,12,16,0.0,0.0,0.0
52460,2017,12,17,0.0,0.0,0.0
52461,2017,12,18,0.0,0.0,0.0
52462,2017,12,19,0.0,0.0,0.0
52463,2017,12,20,0.0,0.0,0.0
52464,2017,12,21,98.0,98.0,0.0
52465,2017,12,22,98.0,98.0,0.0
52466,2017,12,23,98.0,98.0,0.0
52467,2017,12,24,126.0,126.0,0.0
52468,2017,12,25,224.0,224.0,0.0
52469,2017,12,26,140.0,140.0,0.0
52470,2017,12,27,42.0,42.0,0.0
52471,2017,12,28,14.0,14.0,0.0
52472,2017,12,29,0.0,0.0,0.0
52473,2017,12,30,0.0,0.0,0.0
52474,2017,12,31,0.0,0.0,0.0
52475,2018,1,1,0.0,0.0,0.0
52476,2018,1,2,0.0,0.0,0.0
52477,2018,1,3,0.0,0.0,0.0
52478,2018,1,4,0.0,0.0,0.0
52479,2018,1,5,28.0,28.0,0.0
52480,2018,1,6,14.0,14.0,0.0
52481,2018,1,7,14.0,14.0,0.0
52482,2018,1,8,14.0,14.0,0.0
52483,2018,1,9,14.0,0.0,14.0
52484,2018,1,10,14.0,0.0,14.0
52485,2018,1,11,14.0,0.0,14.0
52486,2018,1,12,14.0,0.0,14.0
52487,2018,1,13,0.0,0.0,0.0
52488,2018,1,14,0.0,0.0,0.0
52489,2018,1,15,0.0,0.0,0.0
52490,2018,1,16,28.0,0.0,28.0
52491,2018,1,17,42.0,0.0,42.0
52492,2018,1,18,28.0,0.0,28.0
52493,2018,1,19,14.0,0.0,14.0
52494,2018,1,20,14.0,0.0,14.0
52495,2018,1,21,0.0,0.0,0.0
52496,2018,1,22,0.0,0.0,0.0
52497,2018,1,23,0.0,0.0,0.0
52498,2018,1,24,0.0,0.0,0.0
52499,2018,1,25,0.0,0.0,0.0
52500,2018,1,26,0.0,0.0,0.0
52501,2018,1,27,0.0,0.0,0.0
52502,2018,1,28,0.0,0.0,0.0
52503,2018,1,29,0.0,0.0,0.0
52504,2018,1,30,0.0,0.0,0.0
52505,2018,1,31,14.0,0.0,14.0
52506,2018,2,1,0.0,0.0,0.0
52507,2018,2,2,0.0,0.0,0.0
52508,2018,2,3,14.0,0.0,14.0
52509,2018,2,4,0.0,0.0,0.0
52510,2018,2,5,112.0,0.0,112.0
52511,2018,2,6,182.0,0.0,182.0
52512,2018,2,7,224.0,0.0,224.0
52513,2018,2,8,280.0,0.0,280.0
52514,2018,2,9,280.0,0.0,280.0
52515,2018,2,10,294.0,0.0,294.0
52516,2018,2,11,336.0,0.0,336.0
52517,2018,2,12,322.0,0.0,322.0
52518,2018,2,13,322.0,0.0,322.0
52519,2018,2,14,252.0,0.0,252.0
52520,2018,2,15,196.0,0.0,196.0
52521,2018,2,16,140.0,0.0,140.0
52522,2018,2,17,56.0,0.0,56.0
52523,2018,2,18,0.0,0.0,0.0
52524,2018,2,19,0.0,0.0,0.0
52525,2018,2,20,0.0,0.0,0.0
52526,2018,2,21,0.0,0.0,0.0
52527,2018,2,22,0.0,0.0,0.0
52528,2018,2,23,0.0,0.0,0.0
52529,2018,2,24,0.0,0.0,0.0
52530,2018,2,25,0.0,0.0,0.0
52531,2018,2,26,0.0,0.0,0.0
52532,2018,2,27,42.0,42.0,0.0
52533,2018,2,28,14.0,14.0,0.0
52534,2018,3,1,14.0,14.0,0.0
52535,2018,3,2,14.0,14.0,0.0
52536,2018,3,3,14.0,14.0,0.0
52537,2018,3,4,0.0,0.0,0.0
52538,2018,3,5,0.0,0.0,0.0
52539,2018,3,6,0.0,0.0,0.0
52540,2018,3,7,0.0,0.0,0.0
52541,2018,3,8,0.0,0.0,0.0
52542,2018,3,9,0.0,0.0,0.0
52543,2018,3,10,0.0,0.0,0.0
52544,2018,3,11,0.0,0.0,0.0
52545,2018,3,12,0.0,0.0,0.0
52546,2018,3,13,0.0,0.0,0.0
52547,2018,3,14,0.0,0.0,0.0
52548,2018,3,15,0.0,0.0,0.0
52549,2018,3,16,14.0,0.0,14.0
52550,2018,3,17,0.0,0.0,0.0
52551,2018,3,18,14.0,14.0,0.0
52552,2018,3,19,0.0,0.0,0.0
52553,2018,3,20,0.0,0.0,0.0
52554,2018,3,21,0.0,0.0,0.0
52555,2018,3,22,0.0,0.0,0.0
52556,2018,3,23,0.0,0.0,0.0
52557,2018,3,24,0.0,0.0,0.0
52558,2018,3,25,0.0,0.0,0.0
52559,2018,3,26,0.0,0.0,0.0
52560,2018,3,27,0.0,0.0,0.0
52561,2018,3,28,0.0,0.0,0.0
52562,2018,3,29,0.0,0.0,0.0
52563,2018,3,30,0.0,0.0,0.0
52564,2018,3,31,14.0,0.0,14.0
52565,2018,4,1,14.0,0.0,14.0
52566,2018,4,2,0.0,0.0,0.0
52567,2018,4,3,0.0,0.0,0.0
52568,2018,4,4,0.0,0.0,0.0
52569,2018,4,5,0.0,0.0,0.0
52570,2018,4,6,0.0,0.0,0.0
52571,2018,4,7,0.0,0.0,0.0
52572,2018,4,8,0.0,0.0,0.0
52573,2018,4,9,0.0,0.0,0.0
52574,2018,4,10,0.0,0.0,0.0
52575,2018,4,11,0.0,0.0,0.0
52576,2018,4,12,0.0,0.0,0.0
52577,2018,4,13,42.0,42.0,0.0
52578,2018,4,14,42.0,42.0,0.0
52579,2018,4,15,14.0,14.0,0.0
52580,2018,4,16,0.0,0.0,0.0
52581,2018,4,17,0.0,0.0,0.0
52582,2018,4,18,0.0,0.0,0.0
52583,2018,4,19,0.0,0.0,0.0
52584,2018,4,20,28.0,28.0,0.0
52585,2018,4,21,56.0,56.0,0.0
52586,2018,4,22,168.0,154.0,14.0
52587,2018,4,23,182.0,182.0,0.0
52588,2018,4,24,112.0,112.0,0.0
52589,2018,4,25,70.0,70.0,0.0
52590,2018,4,26,70.0,70.0,0.0
52591,2018,4,27,28.0,28.0,0.0
52592,2018,4,28,14.0,14.0,0.0
52593,2018,4,29,0.0,0.0,0.0
52594,2018,4,30,0.0,0.0,0.0
52595,2018,5,1,0.0,0.0,0.0
52596,2018,5,2,0.0,0.0,0.0
52597,2018,5,3,0.0,0.0,0.0
52598,2018,5,4,0.0,0.0,0.0
52599,2018,5,5,42.0,0.0,42.0
52600,2018,5,6,14.0,0.0,14.0
52601,2018,5,7,14.0,0.0,14.0
52602,2018,5,8,14.0,0.0,14.0
52603,2018,5,9,28.0,14.0,14.0
52604,2018,5,10,28.0,14.0,14.0
52605,2018,5,11,14.0,14.0,0.0
52606,2018,5,12,14.0,14.0,0.0
52607,2018,5,13,14.0,14.0,0.0
52608,2018,5,14,14.0,14.0,0.0
52609,2018,5,15,0.0,0.0,0.0
52610,2018,5,16,0.0,0.0,0.0
52611,2018,5,17,0.0,0.0,0.0
52612,2018,5,18,0.0,0.0,0.0
52613,2018,5,19,0.0,0.0,0.0
52614,2018,5,20,0.0,0.0,0.0
52615,2018,5,21,0.0,0.0,0.0
52616,2018,5,22,28.0,28.0,0.0
52617,2018,5,23,28.0,28.0,0.0
52618,2018,5,24,70.0,70.0,0.0
52619,2018,5,25,196.0,196.0,0.0
52620,2018,5,26,112.0,112.0,0.0
52621,2018,5,27,98.0,98.0,0.0
52622,2018,5,28,70.0,70.0,0.0
52623,2018,5,29,112.0,112.0,0.0
52624,2018,5,30,98.0,98.0,0.0
52625,2018,5,31,42.0,42.0,0.0
52626,2018,6,1,70.0,70.0,0.0
52627,2018,6,2,84.0,84.0,0.0
52628,2018,6,3,42.0,42.0,0.0
52629,2018,6,4,14.0,14.0,0.0
52630,2018,6,5,14.0,14.0,0.0
52631,2018,6,6,0.0,0.0,0.0
52632,2018,6,7,0.0,0.0,0.0
52633,2018,6,8,0.0,0.0,0.0
52634,2018,6,9,0.0,0.0,0.0
52635,2018,6,10,0.0,0.0,0.0
52636,2018,6,11,0.0,0.0,0.0
52637,2018,6,12,0.0,0.0,0.0
52638,2018,6,13,14.0,14.0,0.0
52639,2018,6,14,84.0,84.0,0.0
52640,2018,6,15,42.0,42.0,0.0
52641,2018,6,16,14.0,14.0,0.0
52642,2018,6,17,14.0,14.0,0.0
52643,2018,6,18,28.0,28.0,0.0
52644,2018,6,19,28.0,28.0,0.0
52645,2018,6,20,112.0,112.0,0.0
52646,2018,6,21,252.0,252.0,0.0
52647,2018,6,22,336.0,336.0,0.0
52648,2018,6,23,252.0,252.0,0.0
52649,2018,6,24,266.0,266.0,0.0
52650,2018,6,25,140.0,140.0,0.0
52651,2018,6,26,56.0,56.0,0.0
52652,2018,6,27,28.0,28.0,0.0
52653,2018,6,28,0.0,0.0,0.0
52654,2018,6,29,0.0,0.0,0.0
52655,2018,6,30,0.0,0.0,0.0
52656,2018,7,1,0.0,0.0,0.0
52657,2018,7,2,0.0,0.0,0.0
52658,2018,7,3,0.0,0.0,0.0
52659,2018,7,4,0.0,0.0,0.0
52660,2018,7,5,0.0,0.0,0.0
52661,2018,7,6,0.0,0.0,0.0
52662,2018,7,7,0.0,0.0,0.0
52663,2018,7,8,0.0,0.0,0.0
52664,2018,7,9,0.0,0.0,0.0
52665,2018,7,10,0.0,0.0,0.0
52666,2018,7,11,0.0,0.0,0.0
52667,2018,7,12,0.0,0.0,0.0
52668,2018,7,13,0.0,0.0,0.0
52669,2018,7,14,0.0,0.0,0.0
52670,2018,7,15,0.0,0.0,0.0
52671,2018,7,16,0.0,0.0,0.0
52672,2018,7,17,0.0,0.0,0.0
52673,2018,7,18,0.0,0.0,0.0
52674,2018,7,19,0.0,0.0,0.0
52675,2018,7,20,0.0,0.0,0.0
52676,2018,7,21,0.0,0.0,0.0
52677,2018,7,22,14.0,14.0,0.0
52678,2018,7,23,0.0,0.0,0.0
52679,2018,7,24,0.0,0.0,0.0
52680,2018,7,25,0.0,0.0,0.0
52681,2018,7,26,0.0,0.0,0.0
52682,2018,7,27,0.0,0.0,0.0
52683,2018,7,28,0.0,0.0,0.0
52684,2018,7,29,0.0,0.0,0.0
52685,2018,7,30,0.0,0.0,0.0
52686,2018,7,31,0.0,0.0,0.0
52687,2018,8,1,0.0,0.0,0.0
52688,2018,8,2,14.0,0.0,14.0
52689,2018,8,3,14.0,0.0,14.0
52690,2018,8,4,0.0,0.0,0.0
52691,2018,8,5,0.0,0.0,0.0
52692,2018,8,6,0.0,0.0,0.0
52693,2018,8,7,0.0,0.0,0.0
52694,2018,8,8,0.0,0.0,0.0
52695,2018,8,9,0.0,0.0,0.0
52696,2018,8,10,0.0,0.0,0.0
52697,2018,8,11,0.0,0.0,0.0
52698,2018,8,12,0.0,0.0,0.0
52699,2018,8,13,0.0,0.0,0.0
52700,2018,8,14,0.0,0.0,0.0
52701,2018,8,15,0.0,0.0,0.0
52702,2018,8,16,14.0,0.0,14.0
52703,2018,8,17,14.0,0.0,14.0
52704,2018,8,18,28.0,0.0,28.0
52705,2018,8,19,14.0,0.0,14.0
52706,2018,8,20,14.0,0.0,14.0
52707,2018,8,21,14.0,0.0,14.0
52708,2018,8,22,14.0,0.0,14.0
52709,2018,8,23,14.0,0.0,14.0
52710,2018,8,24,56.0,0.0,56.0
52711,2018,8,25,84.0,42.0,42.0
52712,2018,8,26,182.0,140.0,42.0
52713,2018,8,27,98.0,84.0,14.0
52714,2018,8,28,70.0,70.0,0.0
52715,2018,8,29,14.0,14.0,0.0
52716,2018,8,30,0.0,0.0,0.0
52717,2018,8,31,0.0,0.0,0.0
52718,2018,9,1,0.0,0.0,0.0
52719,2018,9,2,0.0,0.0,0.0
52720,2018,9,3,0.0,0.0,0.0
52721,2018,9,4,0.0,0.0,0.0
52722,2018,9,5,0.0,0.0,0.0
52723,2018,9,6,0.0,0.0,0.0
52724,2018,9,7,0.0,0.0,0.0
52725,2018,9,8,0.0,0.0,0.0
52726,2018,9,9,14.0,14.0,0.0
52727,2018,9,10,14.0,14.0,0.0
52728,2018,9,11,0.0,0.0,0.0
52729,2018,9,12,14.0,0.0,14.0
52730,2018,9,13,0.0,0.0,0.0
52731,2018,9,14,0.0,0.0,0.0
52732,2018,9,15,0.0,0.0,0.0
52733,2018,9,16,0.0,0.0,0.0
52734,2018,9,17,0.0,0.0,0.0
52735,2018,9,18,0.0,0.0,0.0
52736,2018,9,19,0.0,0.0,0.0
52737,2018,9,20,0.0,0.0,0.0
52738,2018,9,21,0.0,0.0,0.0
52739,2018,9,22,0.0,0.0,0.0
52740,2018,9,23,0.0,0.0,0.0
52741,2018,9,24,0.0,0.0,0.0
52742,2018,9,25,0.0,0.0,0.0
52743,2018,9,26,0.0,0.0,0.0
52744,2018,9,27,0.0,0.0,0.0
52745,2018,9,28,0.0,0.0,0.0
52746,2018,9,29,0.0,0.0,0.0
52747,2018,9,30,14.0,0.0,14.0
52748,2018,10,1,42.0,0.0,42.0
52749,2018,10,2,42.0,0.0,42.0
52750,2018,10,3,42.0,0.0,42.0
52751,2018,10,4,14.0,0.0,14.0
52752,2018,10,5,14.0,0.0,14.0
52753,2018,10,6,0.0,0.0,0.0
52754,2018,10,7,0.0,0.0,0.0
52755,2018,10,8,0.0,0.0,0.0
52756,2018,10,9,0.0,0.0,0.0
52757,2018,10,10,0.0,0.0,0.0
52758,2018,10,11,0.0,0.0,0.0
52759,2018,10,12,0.0,0.0,0.0
52760,2018,10,13,28.0,0.0,28.0
52761,2018,10,14,28.0,0.0,28.0
52762,2018,10,15,28.0,0.0,28.0
52763,2018,10,16,0.0,0.0,0.0
52764,2018,10,17,0.0,0.0,0.0
52765,2018,10,18,0.0,0.0,0.0
52766,2018,10,19,0.0,0.0,0.0
52767,2018,10,20,0.0,0.0,0.0
52768,2018,10,21,0.0,0.0,0.0
52769,2018,10,22,0.0,0.0,0.0
52770,2018,10,23,0.0,0.0,0.0
52771,2018,10,24,0.0,0.0,0.0
52772,2018,10,25,0.0,0.0,0.0
52773,2018,10,26,0.0,0.0,0.0
52774,2018,10,27,0.0,0.0,0.0
52775,2018,10,28,0.0,0.0,0.0
52776,2018,10,29,0.0,0.0,0.0
52777,2018,10,30,0.0,0.0,0.0
52778,2018,10,31,0.0,0.0,0.0
52779,2018,11,1,0.0,0.0,0.0
52780,2018,11,2,0.0,0.0,0.0
52781,2018,11,3,0.0,0.0,0.0
52782,2018,11,4,0.0,0.0,0.0
52783,2018,11,5,0.0,0.0,0.0
52784,2018,11,6,0.0,0.0,0.0
52785,2018,11,7,0.0,0.0,0.0
52786,2018,11,8,0.0,0.0,0.0
52787,2018,11,9,0.0,0.0,0.0
52788,2018,11,10,0.0,0.0,0.0
52789,2018,11,11,0.0,0.0,0.0
52790,2018,11,12,0.0,0.0,0.0
52791,2018,11,13,14.0,14.0,0.0
52792,2018,11,14,14.0,14.0,0.0
52793,2018,11,15,14.0,14.0,0.0
52794,2018,11,16,28.0,28.0,0.0
52795,2018,11,17,28.0,28.0,0.0
52796,2018,11,18,84.0,84.0,0.0
52797,2018,11,19,84.0,84.0,0.0
52798,2018,11,20,14.0,14.0,0.0
52799,2018,11,21,0.0,0.0,0.0
52800,2018,11,22,0.0,0.0,0.0
52801,2018,11,23,0.0,0.0,0.0
52802,2018,11,24,0.0,0.0,0.0
52803,2018,11,25,28.0,28.0,0.0
52804,2018,11,26,28.0,28.0,0.0
52805,2018,11,27,0.0,0.0,0.0
52806,2018,11,28,0.0,0.0,0.0
52807,2018,11,29,0.0,0.0,0.0
52808,2018,11,30,0.0,0.0,0.0
52809,2018,12,1,0.0,0.0,0.0
52810,2018,12,2,0.0,0.0,0.0
52811,2018,12,3,0.0,0.0,0.0
52812,2018,12,4,0.0,0.0,0.0
52813,2018,12,5,0.0,0.0,0.0
52814,2018,12,6,0.0,0.0,0.0
52815,2018,12,7,0.0,0.0,0.0
52816,2018,12,8,70.0,0.0,70.0
52817,2018,12,9,14.0,0.0,14.0
52818,2018,12,10,14.0,0.0,14.0
52819,2018,12,11,0.0,0.0,0.0
52820,2018,12,12,14.0,14.0,0.0
52821,2018,12,13,0.0,0.0,0.0
52822,2018,12,14,0.0,0.0,0.0
52823,2018,12,15,14.0,14.0,0.0
52824,2018,12,16,14.0,14.0,0.0
52825,2018,12,17,0.0,0.0,0.0
52826,2018,12,18,0.0,0.0,0.0
52827,2018,12,19,0.0,0.0,0.0
52828,2018,12,20,0.0,0.0,0.0
52829,2018,12,21,0.0,0.0,0.0
52830,2018,12,22,0.0,0.0,0.0
52831,2018,12,23,0.0,0.0,0.0
52832,2018,12,24,0.0,0.0,0.0
52833,2018,12,25,0.0,0.0,0.0
52834,2018,12,26,0.0,0.0,0.0
52835,2018,12,27,0.0,0.0,0.0
52836,2018,12,28,0.0,0.0,0.0
52837,2018,12,29,0.0,0.0,0.0
52838,2018,12,30,0.0,0.0,0.0
52839,2018,12,31,0.0,0.0,0.0
52840,2019,1,1,0.0,0.0,0.0
52841,2019,1,2,14.0,14.0,0.0
52842,2019,1,3,42.0,42.0,0.0
52843,2019,1,4,126.0,126.0,0.0
52844,2019,1,5,70.0,70.0,0.0
52845,2019,1,6,14.0,14.0,0.0
52846,2019,1,7,14.0,14.0,0.0
52847,2019,1,8,0.0,0.0,0.0
52848,2019,1,9,0.0,0.0,0.0
52849,2019,1,10,0.0,0.0,0.0
52850,2019,1,11,0.0,0.0,0.0
52851,2019,1,12,0.0,0.0,0.0
52852,2019,1,13,0.0,0.0,0.0
52853,2019,1,14,0.0,0.0,0.0
52854,2019,1,15,0.0,0.0,0.0
52855,2019,1,16,0.0,0.0,0.0
52856,2019,1,17,0.0,0.0,0.0
52857,2019,1,18,0.0,0.0,0.0
52858,2019,1,19,0.0,0.0,0.0
52859,2019,1,20,0.0,0.0,0.0
52860,2019,1,21,0.0,0.0,0.0
52861,2019,1,22,0.0,0.0,0.0
52862,2019,1,23,0.0,0.0,0.0
52863,2019,1,24,42.0,42.0,0.0
52864,2019,1,25,42.0,42.0,0.0
52865,2019,1,26,70.0,70.0,0.0
52866,2019,1,27,112.0,112.0,0.0
52867,2019,1,28,126.0,126.0,0.0
52868,2019,1,29,112.0,112.0,0.0
52869,2019,1,30,126.0,126.0,0.0
52870,2019,1,31,126.0,126.0,0.0
52871,2019,2,1,0.0,0.0,0.0
52872,2019,2,2,0.0,0.0,0.0
52873,2019,2,3,0.0,0.0,0.0
52874,2019,2,4,0.0,0.0,0.0
52875,2019,2,5,0.0,0.0,0.0
52876,2019,2,6,0.0,0.0,0.0
52877,2019,2,7,0.0,0.0,0.0
52878,2019,2,8,0.0,0.0,0.0
52879,2019,2,9,0.0,0.0,0.0
52880,2019,2,10,0.0,0.0,0.0
52881,2019,2,11,0.0,0.0,0.0
52882,2019,2,12,0.0,0.0,0.0
52883,2019,2,13,0.0,0.0,0.0
52884,2019,2,14,0.0,0.0,0.0
52885,2019,2,15,0.0,0.0,0.0
52886,2019,2,16,0.0,0.0,0.0
52887,2019,2,17,0.0,0.0,0.0
52888,2019,2,18,0.0,0.0,0.0
52889,2019,2,19,0.0,0.0,0.0
52890,2019,2,20,0.0,0.0,0.0
52891,2019,2,21,0.0,0.0,0.0
52892,2019,2,22,0.0,0.0,0.0
52893,2019,2,23,0.0,0.0,0.0
52894,2019,2,24,0.0,0.0,0.0
52895,2019,2,25,0.0,0.0,0.0
52896,2019,2,26,0.0,0.0,0.0
52897,2019,2,27,0.0,0.0,0.0
52898,2019,2,28,0.0,0.0,0.0
52899,2019,3,1,0.0,0.0,0.0
52900,2019,3,2,0.0,0.0,0.0
52901,2019,3,3,0.0,0.0,0.0
52902,2019,3,4,0.0,0.0,0.0
52903,2019,3,5,0.0,0.0,0.0
52904,2019,3,6,28.0,28.0,0.0
52905,2019,3,7,42.0,42.0,0.0
52906,2019,3,8,28.0,28.0,0.0
52907,2019,3,9,14.0,14.0,0.0
52908,2019,3,10,14.0,14.0,0.0
52909,2019,3,11,14.0,14.0,0.0
52910,2019,3,12,14.0,14.0,0.0
52911,2019,3,13,14.0,14.0,0.0
52912,2019,3,14,0.0,0.0,0.0
52913,2019,3,15,0.0,0.0,0.0
52914,2019,3,16,0.0,0.0,0.0
52915,2019,3,17,0.0,0.0,0.0
52916,2019,3,18,0.0,0.0,0.0
52917,2019,3,19,14.0,14.0,0.0
52918,2019,3,20,28.0,28.0,0.0
52919,2019,3,21,84.0,84.0,0.0
52920,2019,3,22,308.0,308.0,0.0
52921,2019,3,23,588.0,588.0,0.0
52922,2019,3,24,392.0,392.0,0.0
52923,2019,3,25,84.0,84.0,0.0
52924,2019,3,26,0.0,0.0,0.0
52925,2019,3,27,0.0,0.0,0.0
52926,2019,3,28,0.0,0.0,0.0
52927,2019,3,29,0.0,0.0,0.0
52928,2019,3,30,0.0,0.0,0.0
52929,2019,3,31,0.0,0.0,0.0
52930,2019,4,1,14.0,14.0,0.0
52931,2019,4,2,42.0,42.0,0.0
52932,2019,4,3,56.0,56.0,0.0
52933,2019,4,4,14.0,14.0,0.0
52934,2019,4,5,0.0,0.0,0.0
52935,2019,4,6,0.0,0.0,0.0
52936,2019,4,7,0.0,0.0,0.0
52937,2019,4,8,420.0,420.0,0.0
52938,2019,4,9,350.0,350.0,0.0
52939,2019,4,10,420.0,420.0,0.0
52940,2019,4,11,490.0,490.0,0.0
52941,2019,4,12,364.0,364.0,0.0
52942,2019,4,13,420.0,420.0,0.0
52943,2019,4,14,420.0,420.0,0.0
52944,2019,4,15,350.0,350.0,0.0
52945,2019,4,16,420.0,420.0,0.0
52946,2019,4,17,462.0,462.0,0.0
52947,2019,4,18,574.0,574.0,0.0
52948,2019,4,19,392.0,392.0,0.0
52949,2019,4,20,378.0,378.0,0.0
52950,2019,4,21,14.0,14.0,0.0
52951,2019,4,22,0.0,0.0,0.0
52952,2019,4,23,0.0,0.0,0.0
52953,2019,4,24,0.0,0.0,0.0
52954,2019,4,25,0.0,0.0,0.0
52955,2019,4,26,0.0,0.0,0.0
52956,2019,4,27,0.0,0.0,0.0
52957,2019,4,28,0.0,0.0,0.0
52958,2019,4,29,0.0,0.0,0.0
52959,2019,4,30,0.0,0.0,0.0
52960,2019,5,1,0.0,0.0,0.0
52961,2019,5,2,0.0,0.0,0.0
52962,2019,5,3,0.0,0.0,0.0
52963,2019,5,4,364.0,364.0,0.0
52964,2019,5,5,378.0,378.0,0.0
52965,2019,5,6,392.0,392.0,0.0
52966,2019,5,7,420.0,420.0,0.0
52967,2019,5,8,574.0,574.0,0.0
52968,2019,5,9,448.0,448.0,0.0
52969,2019,5,10,392.0,392.0,0.0
52970,2019,5,11,378.0,378.0,0.0
52971,2019,5,12,364.0,364.0,0.0
52972,2019,5,13,392.0,392.0,0.0
52973,2019,5,14,224.0,224.0,0.0
52974,2019,5,15,238.0,238.0,0.0
52975,2019,5,16,210.0,210.0,0.0
52976,2019,5,17,210.0,210.0,0.0
52977,2019,5,18,210.0,210.0,0.0
52978,2019,5,19,196.0,196.0,0.0
52979,2019,5,20,0.0,0.0,0.0
52980,2019,5,21,0.0,0.0,0.0
52981,2019,5,22,0.0,0.0,0.0
52982,2019,5,23,0.0,0.0,0.0
52983,2019,5,24,0.0,0.0,0.0
52984,2019,5,25,0.0,0.0,0.0
52985,2019,5,26,0.0,0.0,0.0
52986,2019,5,27,0.0,0.0,0.0
52987,2019,5,28,0.0,0.0,0.0
52988,2019,5,29,0.0,0.0,0.0
52989,2019,5,30,0.0,0.0,0.0
52990,2019,5,31,0.0,0.0,0.0
52991,2019,6,1,0.0,0.0,0.0
52992,2019,6,2,0.0,0.0,0.0
52993,2019,6,3,0.0,0.0,0.0
52994,2019,6,4,0.0,0.0,0.0
52995,2019,6,5,0.0,0.0,0.0
52996,2019,6,6,0.0,0.0,0.0
52997,2019,6,7,0.0,0.0,0.0
52998,2019,6,8,0.0,0.0,0.0
52999,2019,6,9,0.0,0.0,0.0
53000,2019,6,10,0.0,0.0,0.0
53001,2019,6,11,0.0,0.0,0.0
53002,2019,6,12,0.0,0.0,0.0
53003,2019,6,13,0.0,0.0,0.0
53004,2019,6,14,0.0,0.0,0.0
53005,2019,6,15,0.0,0.0,0.0
53006,2019,6,16,0.0,0.0,0.0
53007,2019,6,17,0.0,0.0,0.0
53008,2019,6,18,0.0,0.0,0.0
53009,2019,6,19,0.0,0.0,0.0
53010,2019,6,20,0.0,0.0,0.0
53011,2019,6,21,0.0,0.0,0.0
53012,2019,6,22,0.0,0.0,0.0
53013,2019,6,23,0.0,0.0,0.0
53014,2019,6,24,0.0,0.0,0.0
53015,2019,6,25,28.0,28.0,0.0
53016,2019,6,26,14.0,14.0,0.0
53017,2019,6,27,0.0,0.0,0.0
53018,2019,6,28,14.0,14.0,0.0
53019,2019,6,29,0.0,0.0,0.0
53020,2019,6,30,0.0,0.0,0.0
53021,2019,7,1,0.0,0.0,0.0
53022,2019,7,2,0.0,0.0,0.0
53023,2019,7,3,0.0,0.0,0.0
53024,2019,7,4,0.0,0.0,0.0
53025,2019,7,5,0.0,0.0,0.0
53026,2019,7,6,0.0,0.0,0.0
53027,2019,7,7,0.0,0.0,0.0
53028,2019,7,8,28.0,0.0,28.0
53029,2019,7,9,0.0,0.0,0.0
53030,2019,7,10,0.0,0.0,0.0
53031,2019,7,11,0.0,0.0,0.0
53032,2019,7,12,0.0,0.0,0.0
53033,2019,7,13,0.0,0.0,0.0
53034,2019,7,14,0.0,0.0,0.0
53035,2019,7,15,0.0,0.0,0.0
53036,2019,7,16,0.0,0.0,0.0
53037,2019,7,17,0.0,0.0,0.0
53038,2019,7,18,0.0,0.0,0.0
53039,2019,7,19,0.0,0.0,0.0
53040,2019,7,20,0.0,0.0,0.0
53041,2019,7,21,0.0,0.0,0.0
53042,2019,7,22,0.0,0.0,0.0
53043,2019,7,23,0.0,0.0,0.0
53044,2019,7,24,0.0,0.0,0.0
53045,2019,7,25,0.0,0.0,0.0
53046,2019,7,26,0.0,0.0,0.0
53047,2019,7,27,0.0,0.0,0.0
53048,2019,7,28,0.0,0.0,0.0
53049,2019,7,29,0.0,0.0,0.0
53050,2019,7,30,0.0,0.0,0.0
53051,2019,7,31,0.0,0.0,0.0
53052,2019,8,1,0.0,0.0,0.0
53053,2019,8,2,0.0,0.0,0.0
53054,2019,8,3,0.0,0.0,0.0
53055,2019,8,4,0.0,0.0,0.0
53056,2019,8,5,0.0,0.0,0.0
53057,2019,8,6,14.0,0.0,14.0
53058,2019,8,7,0.0,0.0,0.0
53059,2019,8,8,0.0,0.0,0.0
53060,2019,8,9,0.0,0.0,0.0
53061,2019,8,10,0.0,0.0,0.0
53062,2019,8,11,0.0,0.0,0.0
53063,2019,8,12,0.0,0.0,0.0
53064,2019,8,13,0.0,0.0,0.0
53065,2019,8,14,0.0,0.0,0.0
53066,2019,8,15,0.0,0.0,0.0
53067,2019,8,16,0.0,0.0,0.0
53068,2019,8,17,0.0,0.0,0.0
53069,2019,8,18,0.0,0.0,0.0
53070,2019,8,19,0.0,0.0,0.0
53071,2019,8,20,0.0,0.0,0.0
53072,2019,8,21,0.0,0.0,0.0
53073,2019,8,22,0.0,0.0,0.0
53074,2019,8,23,0.0,0.0,0.0
53075,2019,8,24,0.0,0.0,0.0
53076,2019,8,25,0.0,0.0,0.0
53077,2019,8,26,0.0,0.0,0.0
53078,2019,8,27,0.0,0.0,0.0
53079,2019,8,28,0.0,0.0,0.0
53080,2019,8,29,0.0,0.0,0.0
53081,2019,8,30,0.0,0.0,0.0
53082,2019,8,31,0.0,0.0,0.0
